atom_id,program_id,claim_type,claim_question,evidence_span,proposed_direction,search_targets,primary_source_link,supporting_quote,page_ref,source_type,drafted_tier,drafted_direction,drafted_likelihood_ratio,drafted_observed_vs_inferred,drafted_limitations,provenance_confidence,quote_status,drafter,draft_date,source_verified,review_status,reviewer,review_date
navitoclax_mpn:ther:0,navitoclax_mpn,therapeutic_window,Was the efficacious dose achievable below the toxicity ceiling?,PRE-DECISION CANDIDATE: Mechanism includes BCL-xL inhibition;,neutral,"FDA label (Adverse Reactions, Dosage/Administration, Warnings); FDA medical review; ODAC briefing; EPAR; pivotal paper (DLTs, dose reductions, discontinuations); ClinicalTrials.gov results (SAEs)  [query: BCL-2/BCL-xL/BCL-w myeloproliferative neoplasms / hematologic malignancies small_molecule]",,,,,,,,,,,,ai:pending,,unverified,reviewer_candidate,,
navitoclax_mpn:ther:1,navitoclax_mpn,therapeutic_window,Was the efficacious dose achievable below the toxicity ceiling?,BCL-xL inhibition is linked to platelet lifespan reduction and clinically dose-limiting thrombocytopenia.,refuting,"FDA label (Adverse Reactions, Dosage/Administration, Warnings); FDA medical review; ODAC briefing; EPAR; pivotal paper (DLTs, dose reductions, discontinuations); ClinicalTrials.gov results (SAEs)  [query: BCL-2/BCL-xL/BCL-w myeloproliferative neoplasms / hematologic malignancies small_molecule]",https://pubmed.ncbi.nlm.nih.gov/21094089/,Thrombocytopenia was the dose-limiting toxicity of navitoclax; on the 21/21 continuous schedule the dose-limiting toxic effects included grade 4 thrombocytopenia.,"Wilson WH et al., Lancet Oncol 2010;11(12):1149-59 — Results, dose-limiting toxicity",pivotal_publication_phase1,medium,refuting,0.55,observed,"Phase 1 population was lymphoid malignancies, not the MPN/myelofibrosis program; thrombocytopenia is on-target (BCL-xL) so mechanism generalizes, but this is indication-adjacent, not in-population — hence medium tier. Quote is from the abstract; confirm exact wording against full text.",medium,needs_primary_pdf_confirmation,ai:opus-4.8,2026-07-05,unverified,reviewer_candidate,,
navitoclax_mpn:ther:2,navitoclax_mpn,therapeutic_window,Was the efficacious dose achievable below the toxicity ceiling?,Need primary protocol/review to confirm whether this specifically constrained intended efficacious exposure in MPN program.,neutral,"FDA label (Adverse Reactions, Dosage/Administration, Warnings); FDA medical review; ODAC briefing; EPAR; pivotal paper (DLTs, dose reductions, discontinuations); ClinicalTrials.gov results (SAEs)  [query: BCL-2/BCL-xL/BCL-w myeloproliferative neoplasms / hematologic malignancies small_molecule]",,,,,,,,,,,,ai:pending,,unverified,reviewer_candidate,,
umbralisib_mzl_fl_cll:ther:0,umbralisib_mzl_fl_cll,therapeutic_window,Was the efficacious dose achievable below the toxicity ceiling?,"PRE-DECISION CANDIDATE: Public label/review summaries described serious safety liabilities including infections, neutropenia, diarrhea/noninfectious colitis, hepatotoxicity, and severe cutaneous reactions.",refuting,"FDA label (Adverse Reactions, Dosage/Administration, Warnings); FDA medical review; ODAC briefing; EPAR; pivotal paper (DLTs, dose reductions, discontinuations); ClinicalTrials.gov results (SAEs)  [query: PI3K-delta / CK1-epsilon MZL/FL; CLL/SLL regimen context small_molecule]",https://pmc.ncbi.nlm.nih.gov/articles/PMC8148421/,TEAEs leading to dose reductions occurred in 24 (11.5%) patients; TEAEs led to umbralisib discontinuation in 32 patients (15.4%). Diarrhea (10.1%; all grade <=3) and noninfectious colitis (1.9%) were the notable GI events; no deaths occurred because of TEAEs.,"Davids MS et al. (UNITY-NHL, MZL/FL/SLL cohorts), J Clin Oncol 2021;39(15):1608-1618 (PMC8148421), PMID 33683917 — Results/Safety.",pivotal_publication_phase2,medium,confirming,1.4,observed,"In-population (R/R MZL/FL/CLL). Dose reduction rate (11.5%) and discontinuation rate (15.4%) are modest relative to the class; window largely held at the approved dose in this trial. NB: the later withdrawal was driven by an OS/class-effect signal in a different population (CLL/SLL combo trial), not this dose-vs-tox ceiling — do NOT cite the withdrawal (outcome).",high,verbatim_confirmed,ai:opus-4.8,2026-07-05,unverified,reviewer_candidate,,
umbralisib_mzl_fl_cll:ther:1,umbralisib_mzl_fl_cll,therapeutic_window,Was the efficacious dose achievable below the toxicity ceiling?,Need FDA label/review extraction.,neutral,"FDA label (Adverse Reactions, Dosage/Administration, Warnings); FDA medical review; ODAC briefing; EPAR; pivotal paper (DLTs, dose reductions, discontinuations); ClinicalTrials.gov results (SAEs)  [query: PI3K-delta / CK1-epsilon MZL/FL; CLL/SLL regimen context small_molecule]",,,,,,,,,,,,ai:pending,,unverified,reviewer_candidate,,
duvelisib_cll_sll_fl:ther:0,duvelisib_cll_sll_fl,therapeutic_window,Was the efficacious dose achievable below the toxicity ceiling?,"PRE-DECISION CANDIDATE: Known boxed-warning/serious toxicities include infections, diarrhea/colitis, pneumonitis, cutaneous reactions, and transaminase elevations;",refuting,"FDA label (Adverse Reactions, Dosage/Administration, Warnings); FDA medical review; ODAC briefing; EPAR; pivotal paper (DLTs, dose reductions, discontinuations); ClinicalTrials.gov results (SAEs)  [query: PI3K-delta/gamma CLL/SLL/FL small_molecule]",https://pmc.ncbi.nlm.nih.gov/articles/PMC6284216/,"oral duvelisib 25 mg twice daily (n = 160)... Colitis 21 (13%) all grades; 19 (12%) grade >=3, the most commonly observed severe (>=grade 3) event... AE was the most common reason for stopping duvelisib (35%).","Flinn IW et al., ""The phase 3 DUO trial: duvelisib vs ofatumumab in relapsed and refractory CLL/SLL,"" Blood 2018; PMC6284216, Results/Safety",pivotal_publication_phase3,medium,refuting,0.55,observed,"DUO enrolled only CLL/SLL, not FL, so this is indication-adjacent for the broader CLL/SLL/FL program; grade >=3 colitis in 12% and AE-driven discontinuation in over a third of patients at the studied dose suggest a narrow window between active dosing and serious immune-mediated toxicity.",medium,verbatim_confirmed,ai:sonnet-5,2026-07-08,unverified,reviewer_candidate,,
duvelisib_cll_sll_fl:ther:1,duvelisib_cll_sll_fl,therapeutic_window,Was the efficacious dose achievable below the toxicity ceiling?,safety profile plausibly limited benefit-risk before later survival-warning update.,neutral,"FDA label (Adverse Reactions, Dosage/Administration, Warnings); FDA medical review; ODAC briefing; EPAR; pivotal paper (DLTs, dose reductions, discontinuations); ClinicalTrials.gov results (SAEs)  [query: PI3K-delta/gamma CLL/SLL/FL small_molecule]",https://pmc.ncbi.nlm.nih.gov/articles/PMC6284216/,"Guidance for adverse event (AE) management was provided in the protocol and included dose modifications (interruptions and reductions) for treatment-related grade 2 or higher pneumonitis or pneumonia, grade 3 or higher nonhematologic AEs... primarily managed with dose interruptions; none of these [immune-related] events were fatal.","Flinn IW et al., DUO trial, Blood 2018; PMC6284216, Methods/Safety management section",pivotal_publication_phase3,medium,confirming,1.3,observed,"Protocol-mandated dose-modification rules and the absence of immune-toxicity fatalities suggest the efficacious dose was manageable with monitoring, but this reflects a CLL/SLL-only trial population being generalized to the broader CLL/SLL/FL program indication.",medium,verbatim_confirmed,ai:sonnet-5,2026-07-08,unverified,reviewer_candidate,,
copanlisib_fl:ther:0,copanlisib_fl,therapeutic_window,Was the efficacious dose achievable below the toxicity ceiling?,"PRE-DECISION CANDIDATE: Public safety profile included infections, hyperglycemia, hypertension, pneumonitis, neutropenia, and rash.",refuting,"FDA label (Adverse Reactions, Dosage/Administration, Warnings); FDA medical review; ODAC briefing; EPAR; pivotal paper (DLTs, dose reductions, discontinuations); ClinicalTrials.gov results (SAEs)  [query: PI3K-alpha/delta relapsed follicular lymphoma small_molecule_IV]",https://pmc.ncbi.nlm.nih.gov/articles/PMC6097514/,"hyperglycemia (41%), hypertension (24%), neutropenia (24%) and lung infections (16%). ... At least 25% of patients receiving copanlisib monotherapy experienced grade 3 hypertension","Dreyling M, et al. CHRONOS-1, J Clin Oncol 2017 (cited as ref 29 in Fasching L, et al. review, PMCID PMC6097514, Safety/AE section)",pivotal_publication_phase2,medium,refuting,0.6,observed,Quote is drawn from a secondary review citing the CHRONOS-1 primary paper rather than the primary paper's own text directly; hyperglycemia/hypertension are transient infusion-related class effects of intermittent IV PI3K inhibition and may overstate a chronic-dosing toxicity ceiling.,medium,needs_primary_pdf_confirmation,ai:sonnet-5,2026-07-08,unverified,reviewer_candidate,,
copanlisib_fl:ther:1,copanlisib_fl,therapeutic_window,Was the efficacious dose achievable below the toxicity ceiling?,Need confirmatory-trial documents to separate safety-driven window issue from efficacy/confirmatory failure.,refuting,"FDA label (Adverse Reactions, Dosage/Administration, Warnings); FDA medical review; ODAC briefing; EPAR; pivotal paper (DLTs, dose reductions, discontinuations); ClinicalTrials.gov results (SAEs)  [query: PI3K-alpha/delta relapsed follicular lymphoma small_molecule_IV]",https://pmc.ncbi.nlm.nih.gov/articles/PMC6097514/,"Approximately 25% of patients receiving copanlisib may experience grade 3 or 4 neutropenia. ... dose reduction, therapy interruption or treatment discontinuation may be needed","Fasching L, et al. Spotlight on copanlisib..., PMCID PMC6097514 (summarizing CHRONOS-1 Dreyling et al. J Clin Oncol 2017 and Ann Oncol 2017 AE management sections)",pivotal_publication_phase2,medium,refuting,0.55,observed,"Neutropenia rate is substantial (~25% grade 3/4) and explicitly requires dose/schedule management, a real efficacy-vs-tolerability tension at the approved 60mg IV dose; sourced via a secondary review rather than the primary trial paper's verbatim text.",medium,needs_primary_pdf_confirmation,ai:sonnet-5,2026-07-08,unverified,reviewer_candidate,,
idelalisib_fl_sll:ther:0,idelalisib_fl_sll,therapeutic_window,Was the efficacious dose achievable below the toxicity ceiling?,"PRE-DECISION CANDIDATE: Label/review summaries included serious and fatal toxicities including hepatotoxicity, severe diarrhea/colitis, pneumonitis, intestinal perforation and REMS/risk management.",refuting,"FDA label (Adverse Reactions, Dosage/Administration, Warnings); FDA medical review; ODAC briefing; EPAR; pivotal paper (DLTs, dose reductions, discontinuations); ClinicalTrials.gov results (SAEs)  [query: PI3K-delta relapsed FL/SLL small_molecule]",https://pmc.ncbi.nlm.nih.gov/articles/PMC4039496/,"Grade 3 or higher diarrhea, colitis, or both developed in 20 patients (16%); of these, 6 cases led to permanent discontinuation, 8 cases resolved with a temporary interruption, and 6 resolved spontaneously or after dose reduction.","Gopal AK et al., ""PI3Kδ Inhibition by Idelalisib in Patients with Relapsed Indolent Lymphoma,"" N Engl J Med 2014;370:1008-18; PMC4039496, Results/Safety",pivotal_publication_phase2,high,refuting,0.6,observed,"This is the exact FL/SLL indolent-lymphoma population (single-arm, n=125); grade >=3 diarrhea/colitis in 16% with a third of those cases requiring permanent discontinuation indicates the toxicity ceiling was reached at the studied 150 mg BID dose in a meaningful subset.",high,verbatim_confirmed,ai:sonnet-5,2026-07-08,unverified,reviewer_candidate,,
idelalisib_fl_sll:ther:1,idelalisib_fl_sll,therapeutic_window,Was the efficacious dose achievable below the toxicity ceiling?,Need primary FDA source.,neutral,"FDA label (Adverse Reactions, Dosage/Administration, Warnings); FDA medical review; ODAC briefing; EPAR; pivotal paper (DLTs, dose reductions, discontinuations); ClinicalTrials.gov results (SAEs)  [query: PI3K-delta relapsed FL/SLL small_molecule]",https://pmc.ncbi.nlm.nih.gov/articles/PMC4039496/,"idelalisib, 150 mg twice daily... reduced to 100 mg twice daily or to 75 mg twice daily in 42 patients (34%)... 10 of whom (71%) were successfully able to continue therapy [after transaminase-elevation dose reduction/rechallenge].","Gopal AK et al., NEJM 2014; PMC4039496, Results/Safety (dose modification detail)",pivotal_publication_phase2,high,confirming,1.3,observed,"A third of patients needed a dose reduction, but the majority who did were able to continue therapy afterward, indicating a titratable window rather than an outright failure; single-arm design without a comparator limits causal attribution of tolerability to the drug alone.",high,verbatim_confirmed,ai:sonnet-5,2026-07-08,unverified,reviewer_candidate,,
taselisib_sandpiper:ther:0,taselisib_sandpiper,therapeutic_window,Was the efficacious dose achievable below the toxicity ceiling?,PRE-DECISION CANDIDATE: SANDPIPER program had expected PI3K inhibitor toxicities;,refuting,"FDA label (Adverse Reactions, Dosage/Administration, Warnings); FDA medical review; ODAC briefing; EPAR; pivotal paper (DLTs, dose reductions, discontinuations); ClinicalTrials.gov results (SAEs)  [query: PI3K-alpha dominant, beta-sparing PI3K PIK3CA-mutant ER+/HER2- metastatic breast cancer small_molecule]",https://pmc.ncbi.nlm.nih.gov/articles/PMC8457522/,Serious adverse events were lower in the placebo versus taselisib arm (8.9% versus 32.0%).,"Dent et al., Ann Oncol 2021;32(2):197-207 (SANDPIPER trial), PMC8457522, Results/Safety",pivotal_publication_phase3,medium,refuting,0.6,observed,"This detailed safety-percentage table was formally published in 2021, after the 2018-06-01 nominal topline decision date; a topline safety signal (more toxicity/discontinuations in the taselisib arm) was reported at ASCO in June 2018 contemporaneously, but this exact serious-AE percentage was not independently confirmed as available at that earlier presentation, so treat the precise figure as a post-hoc confirmation of a pre-decision-knowable direction rather than a decision-time number.",medium,needs_primary_pdf_confirmation,ai:sonnet-5,2026-07-08,unverified,reviewer_candidate,,
taselisib_sandpiper:ther:1,taselisib_sandpiper,therapeutic_window,Was the efficacious dose achievable below the toxicity ceiling?,public summaries cite poor survival edge/harsh side effects and Roche stopped further development after top-line Phase 3 results.,neutral,"FDA label (Adverse Reactions, Dosage/Administration, Warnings); FDA medical review; ODAC briefing; EPAR; pivotal paper (DLTs, dose reductions, discontinuations); ClinicalTrials.gov results (SAEs)  [query: PI3K-alpha dominant, beta-sparing PI3K PIK3CA-mutant ER+/HER2- metastatic breast cancer small_molecule]",https://pmc.ncbi.nlm.nih.gov/articles/PMC8457522/,Dose reductions due to AEs: 5 (2.3%) placebo vs 152 (36.5%) taselisib; discontinuations due to AEs: 5 (2.3%) placebo vs 70 (16.8%) taselisib.,"Dent et al., Ann Oncol 2021;32(2):197-207 (SANDPIPER trial), PMC8457522, Table 3 Safety summary",pivotal_publication_phase3,medium,refuting,0.55,observed,"Same publication-timing caveat as the companion atom (formal Table 3 percentages published in 2021, roughly 2.5 years after the 2018-06-01 decision date); a >36% dose-reduction rate and >16% discontinuation rate in the taselisib arm versus ~2% in placebo indicate a materially narrow margin, but only the directional signal, not this exact figure, should be treated as pre-decision-knowable.",medium,needs_primary_pdf_confirmation,ai:sonnet-5,2026-07-08,unverified,reviewer_candidate,,
taselisib_sandpiper:ther:2,taselisib_sandpiper,therapeutic_window,Was the efficacious dose achievable below the toxicity ceiling?,Need primary SANDPIPER publication extraction.,neutral,"FDA label (Adverse Reactions, Dosage/Administration, Warnings); FDA medical review; ODAC briefing; EPAR; pivotal paper (DLTs, dose reductions, discontinuations); ClinicalTrials.gov results (SAEs)  [query: PI3K-alpha dominant, beta-sparing PI3K PIK3CA-mutant ER+/HER2- metastatic breast cancer small_molecule]",https://pmc.ncbi.nlm.nih.gov/articles/PMC8457522/,"51.4% of patients discontinued taselisib due to gastrointestinal toxicities, with diarrhea being the most frequent reason. Diarrhea occurred in 250 (60.1%) taselisib patients vs 42 (19.7%) placebo patients; grade >=3 in 48 (11.5%) vs 2 (0.9%).","Dent et al., Ann Oncol 2021;32(2):197-207 (SANDPIPER trial), PMC8457522, Table 3 footnote and Results",pivotal_publication_phase3,medium,refuting,0.5,observed,"Same publication-timing caveat as the companion atoms; a 60% any-grade and 11.5% grade>=3 diarrhea rate in the taselisib arm is a strong toxicity signal, though the exact percentages were formalized in the 2021 paper rather than the mid-2018 topline release.",medium,needs_primary_pdf_confirmation,ai:sonnet-5,2026-07-08,unverified,reviewer_candidate,,
buparlisib_belle:ther:0,buparlisib_belle,therapeutic_window,Was the efficacious dose achievable below the toxicity ceiling?,PRE-DECISION CANDIDATE: Pan-PI3K profile associated with excessive side effects;,neutral,"FDA label (Adverse Reactions, Dosage/Administration, Warnings); FDA medical review; ODAC briefing; EPAR; pivotal paper (DLTs, dose reductions, discontinuations); ClinicalTrials.gov results (SAEs)  [query: pan-class I PI3K HR+/HER2- advanced breast cancer small_molecule]",https://pmc.ncbi.nlm.nih.gov/articles/PMC5549667/,Grade 3-4 ALT increase in 146 (25%) of 573 buparlisib patients vs 6 (1%) of 570 placebo; grade 3-4 hyperglycaemia in 88 (15%) vs 1 (<1%); serious adverse events in 134 (23%) vs 90 (16%),"Baselga J et al., Buparlisib plus fulvestrant vs placebo plus fulvestrant (BELLE-2), Lancet Oncol 2017, PMC5549667",pivotal_publication_phase3,high,refuting,0.55,observed,Percentages pulled via an automated full-text fetch summarizing the PMC article rather than direct visual read of the results table; exact wording should be spot-checked against the published table before final approval.,medium,needs_primary_pdf_confirmation,ai:sonnet-5,2026-07-08,unverified,reviewer_candidate,,
buparlisib_belle:ther:1,buparlisib_belle,therapeutic_window,Was the efficacious dose achievable below the toxicity ceiling?,"BELLE-2/3 summaries report PFS signal but excessive toxicity, and BELLE-3 termination due to side effects.",refuting,"FDA label (Adverse Reactions, Dosage/Administration, Warnings); FDA medical review; ODAC briefing; EPAR; pivotal paper (DLTs, dose reductions, discontinuations); ClinicalTrials.gov results (SAEs)  [query: pan-class I PI3K HR+/HER2- advanced breast cancer small_molecule]",https://pubmed.ncbi.nlm.nih.gov/29223745/,"Grade 3-4 ALT increase 22% vs 3%, AST increase 18% vs 3%, hyperglycemia 12% vs 0% (buparlisib vs placebo); the safety profile of buparlisib plus fulvestrant does not support its further development in this setting","Di Leo A et al., Buparlisib plus fulvestrant in postmenopausal women progressing on/after mTOR inhibition (BELLE-3), Lancet Oncol 2018, PMID 29223745 (no PMC full text available)",pivotal_publication_phase3,high,refuting,0.5,observed,"No PMC free full text exists for this Lancet Oncology article; quote reconstructed from the PubMed abstract via automated fetch, not a direct read of the full results table.",medium,needs_primary_pdf_confirmation,ai:sonnet-5,2026-07-08,unverified,reviewer_candidate,,
buparlisib_belle:ther:2,buparlisib_belle,therapeutic_window,Was the efficacious dose achievable below the toxicity ceiling?,Need trial publication review.,neutral,"FDA label (Adverse Reactions, Dosage/Administration, Warnings); FDA medical review; ODAC briefing; EPAR; pivotal paper (DLTs, dose reductions, discontinuations); ClinicalTrials.gov results (SAEs)  [query: pan-class I PI3K HR+/HER2- advanced breast cancer small_molecule]",https://pmc.ncbi.nlm.nih.gov/articles/PMC5549667/,"median treatment exposure was notably short (approximately two months in the buparlisib arm), with early discontinuations attributed largely to poor tolerability","Baselga J et al., BELLE-2, Lancet Oncol 2017, PMC5549667, Discussion section (paraphrased)",pivotal_publication_phase3,medium,refuting,0.65,inferred,This is a paraphrase of the discussion/exposure narrative rather than a verbatim quoted statistic; exact discontinuation percentage was not recoverable from the automated fetch and should be confirmed against the source PDF.,medium,needs_primary_pdf_confirmation,ai:sonnet-5,2026-07-08,unverified,reviewer_candidate,,
poziotinib_exon20_nsclc:ther:0,poziotinib_exon20_nsclc,therapeutic_window,Was the efficacious dose achievable below the toxicity ceiling?,PRE-DECISION CANDIDATE: Prior public data showed antitumor activity;,neutral,"FDA label (Adverse Reactions, Dosage/Administration, Warnings); FDA medical review; ODAC briefing; EPAR; pivotal paper (DLTs, dose reductions, discontinuations); ClinicalTrials.gov results (SAEs)  [query: EGFR/HER2 exon20; pan-ErbB HER2 exon20 insertion NSCLC small_molecule]",,,,,,,,,,,,ai:pending,,unverified,reviewer_candidate,,
poziotinib_exon20_nsclc:ther:1,poziotinib_exon20_nsclc,therapeutic_window,Was the efficacious dose achievable below the toxicity ceiling?,need FDA briefing to quantify rash/diarrhea/mucositis/dose reductions and whether dose intensity limited efficacy.,neutral,"FDA label (Adverse Reactions, Dosage/Administration, Warnings); FDA medical review; ODAC briefing; EPAR; pivotal paper (DLTs, dose reductions, discontinuations); ClinicalTrials.gov results (SAEs)  [query: EGFR/HER2 exon20; pan-ErbB HER2 exon20 insertion NSCLC small_molecule]",https://pmc.ncbi.nlm.nih.gov/articles/PMC8887939/,"Most patients had poziotinib dose reductions (76.7%), with median relative dose intensity 71.5%. Twelve (13.3%) patients permanently discontinued treatment for treatment-related adverse events.","Le X et al., ZENITH20-2, J Clin Oncol 2022;40(7):710-718 (PMC8887939) — Results/Safety.",pivotal_publication_phase2,high,refuting,0.4,observed,"In-population (HER2 exon20 NSCLC). Cleanest refuting case: dose not optimized, poorly tolerated at efficacious dose — 76.7% required dose reduction, 13.3% permanently discontinued for treatment-related AEs.",high,verbatim_confirmed,ai:opus-4.8,2026-07-05,unverified,reviewer_candidate,,
mobocertinib_exclaim2:ther:0,mobocertinib_exclaim2,therapeutic_window,Was the efficacious dose achievable below the toxicity ceiling?,PRE-DECISION CANDIDATE: Label summaries included QTc prolongation warnings and prominent GI toxicity/diarrhea risk.,refuting,"FDA label (Adverse Reactions, Dosage/Administration, Warnings); FDA medical review; ODAC briefing; EPAR; pivotal paper (DLTs, dose reductions, discontinuations); ClinicalTrials.gov results (SAEs)  [query: EGFR exon20 insertion EGFR exon20 insertion NSCLC small_molecule]",https://pmc.ncbi.nlm.nih.gov/articles/PMC8517885/,"Electrocardiogram QT prolonged occurred in 12 patients (11%), any grade; grade >=3 in 3 patients (3%)","Zhou C et al., Treatment Outcomes and Safety of Mobocertinib in Platinum-Pretreated Patients with EGFR Exon 20 Insertion+ NSCLC (EXCLAIM cohort), phase 1/2, PMC8517885",pivotal_publication_phase2,high,refuting,0.6,observed,This is the platinum-pretreated (PPP) cohort that supported the original 2021 accelerated approval; QTc prolongation required baseline ECG exclusion criteria and monitoring.,high,verbatim_confirmed,ai:sonnet-5,2026-07-08,unverified,reviewer_candidate,,
mobocertinib_exclaim2:ther:1,mobocertinib_exclaim2,therapeutic_window,Was the efficacious dose achievable below the toxicity ceiling?,Need EXCLAIM-2 protocol/publication to determine whether tolerated exposure was the core failure vs efficacy/differentiation.,refuting,"FDA label (Adverse Reactions, Dosage/Administration, Warnings); FDA medical review; ODAC briefing; EPAR; pivotal paper (DLTs, dose reductions, discontinuations); ClinicalTrials.gov results (SAEs)  [query: EGFR exon20 insertion EGFR exon20 insertion NSCLC small_molecule]",https://pmc.ncbi.nlm.nih.gov/articles/PMC8517885/,Dose reductions due to an AE occurred in 29 patients (25%) ... 19 of 114 patients (17%) discontinued treatment because of AEs,"Zhou C et al., EXCLAIM platinum-pretreated cohort, phase 1/2, PMC8517885",pivotal_publication_phase2,high,refuting,0.55,observed,"17% AE-driven discontinuation and 25% dose-reduction rate at the labeled 160 mg dose indicate a fairly narrow therapeutic window at approval; article also reports 46% grade >=3 treatment-related AE rate. Data are from the single-arm registrational cohort, not the later randomized EXCLAIM-2 trial.",high,verbatim_confirmed,ai:sonnet-5,2026-07-08,unverified,reviewer_candidate,,
rovalpituzumab_tesirine_rova_t:ther:0,rovalpituzumab_tesirine_rova_t,therapeutic_window,Was the efficacious dose achievable below the toxicity ceiling?,PRE-DECISION CANDIDATE: ADC/PBD payload class toxicity and earlier weak response signal;,refuting,"FDA label (Adverse Reactions, Dosage/Administration, Warnings); FDA medical review; ODAC briefing; EPAR; pivotal paper (DLTs, dose reductions, discontinuations); ClinicalTrials.gov results (SAEs)  [query: DLL3 ADC with PBD payload DLL3+ small-cell lung cancer antibody_drug_conjugate]",https://pmc.ncbi.nlm.nih.gov/articles/PMC7105795/,"Premature lysis of the linker, causing systemic release of the PBD payload, was proposed as a mechanistic contributor to the observed toxicity pattern.","TRINITY study of rovalpituzumab tesirine, Clin Cancer Res 2019;25(23):6958-6966, PMC7105795, Discussion",pivotal_publication_phase2,medium,refuting,0.65,inferred,"This is the authors' proposed mechanistic rationale for the toxicity pattern, not an independently confirmed pharmacokinetic finding; quote paraphrased via an intermediate fetch-tool summary rather than re-read verbatim against the source.",medium,needs_primary_pdf_confirmation,ai:sonnet-5,2026-07-08,unverified,reviewer_candidate,,
rovalpituzumab_tesirine_rova_t:ther:1,rovalpituzumab_tesirine_rova_t,therapeutic_window,Was the efficacious dose achievable below the toxicity ceiling?,public summaries cite Phase 2 ORR around 16% and later Phase 3 survival harm/no benefit.,refuting,"FDA label (Adverse Reactions, Dosage/Administration, Warnings); FDA medical review; ODAC briefing; EPAR; pivotal paper (DLTs, dose reductions, discontinuations); ClinicalTrials.gov results (SAEs)  [query: DLL3 ADC with PBD payload DLL3+ small-cell lung cancer antibody_drug_conjugate]",https://pmc.ncbi.nlm.nih.gov/articles/PMC7105795/,"Grade 3 or 4 TEAEs were observed in 179 patients (54%). One hundred and nine (32%) patients experienced an event of pleural effusion. A cutaneous reaction was observed in 182 (54%) patients, 28 (8%) of which were grade 3.","TRINITY study, Clin Cancer Res 2019;25(23):6958-6966, PMC7105795, Results - Safety",pivotal_publication_phase2,high,refuting,0.4,observed,"Reflects a heavily pretreated (third-line-or-beyond) small-cell lung cancer population, who may tolerate toxicity differently than an earlier-line population; the ~12-16% ORR context for this population is drawn from a separate part of the same publication, not this AE table.",high,verbatim_confirmed,ai:sonnet-5,2026-07-08,unverified,reviewer_candidate,,
rovalpituzumab_tesirine_rova_t:ther:2,rovalpituzumab_tesirine_rova_t,therapeutic_window,Was the efficacious dose achievable below the toxicity ceiling?,Need primary TAHOE/MERU safety tables.,neutral,"FDA label (Adverse Reactions, Dosage/Administration, Warnings); FDA medical review; ODAC briefing; EPAR; pivotal paper (DLTs, dose reductions, discontinuations); ClinicalTrials.gov results (SAEs)  [query: DLL3 ADC with PBD payload DLL3+ small-cell lung cancer antibody_drug_conjugate]",https://pmc.ncbi.nlm.nih.gov/articles/PMC7105795/,Patients could not be re-treated if they had >=grade 2 edema or >=grade 3 pleural or pericardial effusion; only 20 of 225 eligible patients underwent re-treatment.,"TRINITY study, Clin Cancer Res 2019;25(23):6958-6966, PMC7105795, Results - Re-treatment eligibility",pivotal_publication_phase2,medium,refuting,0.45,observed,"This atom cites TRINITY (phase 2, third-line+) rather than the phase 3 TAHOE/MERU safety tables named in the search targets, since those were not directly fetched; the TRINITY re-treatment eligibility gate on edema/effusion grade shows toxicity directly constrained continued dosing within the same drug/payload class.",medium,needs_primary_pdf_confirmation,ai:sonnet-5,2026-07-08,unverified,reviewer_candidate,,
demcizumab_yosemite_denali:ther:0,demcizumab_yosemite_denali,therapeutic_window,Was the efficacious dose achievable below the toxicity ceiling?,PRE-DECISION CANDIDATE: DLL4/Notch inhibition had known cardiovascular/pulmonary-hypertension monitoring concern;,neutral,"FDA label (Adverse Reactions, Dosage/Administration, Warnings); FDA medical review; ODAC briefing; EPAR; pivotal paper (DLTs, dose reductions, discontinuations); ClinicalTrials.gov results (SAEs)  [query: DLL4 / Notch pathway pancreatic cancer / NSCLC monoclonal_antibody]",https://pubmed.ncbi.nlm.nih.gov/25324140/,"hypertension the most common treatment-related adverse event (47%); one patient at 2.5 mg/kg developed reversible right-sided heart failure after 63 days, and 4 patients at 10 mg/kg developed congestive heart failure after >=98 days on treatment","Smith DC et al., Phase I dose escalation and expansion study of demcizumab (anti-DLL4) in solid tumors, Clin Cancer Res 2014;20(24):6295-303, PMID 25324140",pivotal_publication_phase1,medium,refuting,0.6,observed,"This monotherapy phase 1 dose-escalation study enrolled mixed solid-tumor patients, not the specific pancreatic/NSCLC combination populations of YOSEMITE/DENALI; heart failure signal emerged only with prolonged (>60-90 day) continuous dosing, motivating the later truncated-dosing design.",medium,needs_primary_pdf_confirmation,ai:sonnet-5,2026-07-08,unverified,reviewer_candidate,,
demcizumab_yosemite_denali:ther:1,demcizumab_yosemite_denali,therapeutic_window,Was the efficacious dose achievable below the toxicity ceiling?,Phase 1/2 summaries mention hypertension/fatigue and cardiac-related illness.,neutral,"FDA label (Adverse Reactions, Dosage/Administration, Warnings); FDA medical review; ODAC briefing; EPAR; pivotal paper (DLTs, dose reductions, discontinuations); ClinicalTrials.gov results (SAEs)  [query: DLL4 / Notch pathway pancreatic cancer / NSCLC monoclonal_antibody]",https://www.conference-correspondent.com/highlights/asco/asco-2016-gi/388:first-line-demcizumab-gemcitabine-nab-paclitaxel-in-pancreatic-cancer,"truncated demcizumab dosing (limited to 70 days) was designed to avoid the clinically significant cardiopulmonary toxicity observed with prolonged continuous dosing, while phase 1b combination data showed manageable hypertension and fatigue as the most common demcizumab-related toxicities","OncoMed Phase 1b demcizumab + gemcitabine +/- nab-paclitaxel pancreatic cancer data, ASCO GI 2016 conference summary (pre-dates 4/10/2017 YOSEMITE readout)",pivotal_publication_phase1,medium,confirming,1.5,observed,Sourced from a conference-summary secondary report rather than the primary ASCO abstract or a peer-reviewed manuscript; exact AE percentages for the phase 1b combination cohort were not directly retrievable.,medium,needs_primary_pdf_confirmation,ai:sonnet-5,2026-07-08,unverified,reviewer_candidate,,
demcizumab_yosemite_denali:ther:2,demcizumab_yosemite_denali,therapeutic_window,Was the efficacious dose achievable below the toxicity ceiling?,Need OncoMed primary release and trial tables.,neutral,"FDA label (Adverse Reactions, Dosage/Administration, Warnings); FDA medical review; ODAC briefing; EPAR; pivotal paper (DLTs, dose reductions, discontinuations); ClinicalTrials.gov results (SAEs)  [query: DLL4 / Notch pathway pancreatic cancer / NSCLC monoclonal_antibody]",https://www.annalsofoncology.org/article/S0923-7534(20)37894-7/fulltext,"Grade 3 pulmonary hypertension occurred in 0.7% of GAD (gemcitabine/nab-paclitaxel/demcizumab) patients vs 0% GAP; heart failure in 3.7% vs 0%; GAD was generally well tolerated, with nausea, diarrhea, anemia, peripheral edema and fatigue the most common toxicities","YOSEMITE trial (OncoMed/Celgene), 3-arm randomized phase 2 study, Annals of Oncology; safety data reflect the same interim dataset reviewed ahead of the 4/10/2017 trial-halt decision",pivotal_publication_phase2,medium,confirming,1.4,observed,"Full formal publication postdates the 4/10/2017 decision date, though it reports on the same trial/safety database that informed the contemporaneous halt decision; the paywalled article was not directly fetchable and this quote was reconstructed from secondary search synthesis, so it needs a primary-text check. Efficacy-outcome language (trial missed its primary endpoint) was deliberately excluded from this therapeutic-window claim.",medium,needs_primary_pdf_confirmation,ai:sonnet-5,2026-07-08,unverified,reviewer_candidate,,
figitumumab_nsclc:ther:0,figitumumab_nsclc,therapeutic_window,Was the efficacious dose achievable below the toxicity ceiling?,PRE-DECISION CANDIDATE: IGF-1R antibody had class and combination-toxicity concerns;,refuting,"FDA label (Adverse Reactions, Dosage/Administration, Warnings); FDA medical review; ODAC briefing; EPAR; pivotal paper (DLTs, dose reductions, discontinuations); ClinicalTrials.gov results (SAEs)  [query: IGF-1R non-small-cell lung cancer monoclonal_antibody]",https://pubmed.ncbi.nlm.nih.gov/24888810/,respective rates of all-causality serious adverse events were 66% and 51%,"Langer CJ et al., Randomized phase III trial of figitumumab plus paclitaxel/carboplatin vs paclitaxel/carboplatin in NSCLC (ADVIGO 1016), J Clin Oncol, PMID 24888810",pivotal_publication_phase3,high,refuting,0.5,observed,Quote drawn from the PubMed abstract via automated fetch (no PMC full text located for this JCO article); the 66% vs 51% SAE imbalance is in-population (same phase III NSCLC combination trial) but abstract-level only.,medium,needs_primary_pdf_confirmation,ai:sonnet-5,2026-07-08,unverified,reviewer_candidate,,
figitumumab_nsclc:ther:1,figitumumab_nsclc,therapeutic_window,Was the efficacious dose achievable below the toxicity ceiling?,need Pfizer/phase III source to confirm whether excess deaths were treatment-exposure related vs disease imbalance.,neutral,"FDA label (Adverse Reactions, Dosage/Administration, Warnings); FDA medical review; ODAC briefing; EPAR; pivotal paper (DLTs, dose reductions, discontinuations); ClinicalTrials.gov results (SAEs)  [query: IGF-1R non-small-cell lung cancer monoclonal_antibody]",https://pubmed.ncbi.nlm.nih.gov/24888810/,Treatment-related grade 5 adverse events were also more common with figitumumab; the study was closed early by the independent Data Safety Monitoring Committee because of futility,"Langer CJ et al., ADVIGO 1016 phase III trial, J Clin Oncol, PMID 24888810",pivotal_publication_phase3,medium,refuting,0.6,inferred,"Abstract explicitly attributes grade 5 events as treatment-related (more common with figitumumab) rather than pure disease-imbalance, but the abstract does not give a granular death-by-cause breakdown, so the treatment-attribution judgment is a reasonable inference rather than a directly tabulated statistic.",medium,needs_primary_pdf_confirmation,ai:sonnet-5,2026-07-08,unverified,reviewer_candidate,,
rilotumumab_rilotumumab_gastric:ther:0,rilotumumab_rilotumumab_gastric,therapeutic_window,Was the efficacious dose achievable below the toxicity ceiling?,PRE-DECISION CANDIDATE: Prior biomarker hypothesis and chemotherapy-combination exposure existed;,neutral,"FDA label (Adverse Reactions, Dosage/Administration, Warnings); FDA medical review; ODAC briefing; EPAR; pivotal paper (DLTs, dose reductions, discontinuations); ClinicalTrials.gov results (SAEs)  [query: HGF ligand / MET pathway advanced gastric cancer monoclonal_antibody]",https://pmc.ncbi.nlm.nih.gov/articles/PMC5898242/,"Grade 3-5 events were similar between arms: neutropenia 86 (29%) vs 97 (32%), anaemia 37 (12%) vs 43 (14%), fatigue 30 (10%) vs 35 (12%); serious adverse events 142 (48%) vs 149 (50%) [rilotumumab vs placebo].","Catenacci DVT et al., RILOMET-1 phase 3 trial, Lancet Oncol 2017;18:1467-82; PMC5898242, Safety/Table 3",pivotal_publication_phase3,high,refuting,0.6,observed,"Conventional grade 3-5 toxicity grading looked comparable between arms at the 15 mg/kg dose, yet the trial's own interim safety review still found excess mortality in the rilotumumab arm; this disconnect suggests standard toxicity grading did not capture the actual safety ceiling at the studied dose.",high,verbatim_confirmed,ai:sonnet-5,2026-07-08,unverified,reviewer_candidate,,
rilotumumab_rilotumumab_gastric:ther:1,rilotumumab_rilotumumab_gastric,therapeutic_window,Was the efficacious dose achievable below the toxicity ceiling?,need RILOMET primary materials to determine whether increased deaths imply therapeutic-window failure.,refuting,"FDA label (Adverse Reactions, Dosage/Administration, Warnings); FDA medical review; ODAC briefing; EPAR; pivotal paper (DLTs, dose reductions, discontinuations); ClinicalTrials.gov results (SAEs)  [query: HGF ligand / MET pathway advanced gastric cancer monoclonal_antibody]",https://pmc.ncbi.nlm.nih.gov/articles/PMC5898242/,"Study treatment was stopped early after an independent data monitoring committee found a higher number of deaths in the rilotumumab group than in the placebo group... 94 deaths in the rilotumumab group vs 75 deaths in the placebo group; data cutoff Sept 22, 2014.","Catenacci DVT et al., RILOMET-1 phase 3 trial, Lancet Oncol 2017; PMC5898242, interim DMC safety review description",pivotal_publication_phase3,high,refuting,0.4,observed,"This is the interim safety-monitoring finding (data cutoff Sept 2014) that was contemporaneous with the program decision itself, not a later/downstream outcome; the excess-death signal at the studied 15 mg/kg dose without a clearly identified mechanistic toxicity is a direct refutation of an established safe/efficacious window.",high,verbatim_confirmed,ai:sonnet-5,2026-07-08,unverified,reviewer_candidate,,
melflufen_myeloma_ocean:ther:0,melflufen_myeloma_ocean,therapeutic_window,Was the efficacious dose achievable below the toxicity ceiling?,PRE-DECISION CANDIDATE: Pivotal data from single-arm HORIZON response in heavily pretreated MM;,neutral,"FDA label (Adverse Reactions, Dosage/Administration, Warnings); FDA medical review; ODAC briefing; EPAR; pivotal paper (DLTs, dose reductions, discontinuations); ClinicalTrials.gov results (SAEs)  [query: alkylating peptide-drug conjugate / aminopeptidase-targeted melphalan delivery relapsed/refractory multiple myeloma peptide_drug_conjugate]",https://pmc.ncbi.nlm.nih.gov/articles/PMC8078327/,"showed clinically meaningful efficacy and a manageable safety profile in patients with heavily pretreated RRMM, including those with triple-class-refractory and extramedullary disease","Richardson PG, Oriol A, Larocca A, et al. Melflufen and Dexamethasone in Heavily Pretreated Relapsed and Refractory Multiple Myeloma (HORIZON). J Clin Oncol. 2021;39(7):757-767. PMCID PMC8078327, Discussion",pivotal_publication_phase2,medium,confirming,1.4,observed,Single-arm HORIZON population is heavily pretreated (median >=4 prior lines) so the safety margin observed here may not generalize to a broader RRMM population; this is a summary conclusion sentence rather than a raw AE count.,medium,verbatim_confirmed,ai:sonnet-5,2026-07-08,unverified,reviewer_candidate,,
melflufen_myeloma_ocean:ther:1,melflufen_myeloma_ocean,therapeutic_window,Was the efficacious dose achievable below the toxicity ceiling?,"known adverse reactions included fatigue, nausea, diarrhea, fever/infections;",neutral,"FDA label (Adverse Reactions, Dosage/Administration, Warnings); FDA medical review; ODAC briefing; EPAR; pivotal paper (DLTs, dose reductions, discontinuations); ClinicalTrials.gov results (SAEs)  [query: alkylating peptide-drug conjugate / aminopeptidase-targeted melphalan delivery relapsed/refractory multiple myeloma peptide_drug_conjugate]",https://pmc.ncbi.nlm.nih.gov/articles/PMC8078327/,"Grade >=3 TEAEs occurred in 150 patients (96%), most commonly neutropenia (124 [79%]), thrombocytopenia (120 [76%]), and anemia (67 [43%])","Richardson PG, et al. HORIZON, J Clin Oncol 2021;39(7):757-767, PMCID PMC8078327, Safety section",pivotal_publication_phase2,high,refuting,0.45,observed,Near-universal (96%) grade >=3 hematologic toxicity at the 40mg dose is a strong signal against an easily-held window even though the paper frames it as 'manageable with dose adjustments'; population is heavily pretreated so baseline marrow reserve was already limited.,high,verbatim_confirmed,ai:sonnet-5,2026-07-08,unverified,reviewer_candidate,,
melflufen_myeloma_ocean:ther:2,melflufen_myeloma_ocean,therapeutic_window,Was the efficacious dose achievable below the toxicity ceiling?,need FDA label/review to quantify myelosuppression and subgroup safety before OCEAN.,neutral,"FDA label (Adverse Reactions, Dosage/Administration, Warnings); FDA medical review; ODAC briefing; EPAR; pivotal paper (DLTs, dose reductions, discontinuations); ClinicalTrials.gov results (SAEs)  [query: alkylating peptide-drug conjugate / aminopeptidase-targeted melphalan delivery relapsed/refractory multiple myeloma peptide_drug_conjugate]",https://pmc.ncbi.nlm.nih.gov/articles/PMC8078327/,"TEAEs leading to melflufen dose reductions occurred in 42 patients (27%)... 34 patients (22%) had at least one TEAE leading to melflufen treatment discontinuation, most commonly thrombocytopenia (n=16) and neutropenia (n=5)","Richardson PG, et al. HORIZON, J Clin Oncol 2021;39(7):757-767, PMCID PMC8078327, Safety section (dose modification table narrative)",pivotal_publication_phase2,high,refuting,0.5,observed,"27% dose-reduction and 22% discontinuation rates driven by cytopenias indicate a narrow window at the tested regimen; figures are from the single-arm HORIZON safety population (n=157) available as of the JCO 2021 publication, before the later OCEAN randomized-trial safety signal.",high,verbatim_confirmed,ai:sonnet-5,2026-07-08,unverified,reviewer_candidate,,
alisertib_ptcl:ther:0,alisertib_ptcl,therapeutic_window,Was the efficacious dose achievable below the toxicity ceiling?,PRE-DECISION CANDIDATE: Aurora A inhibition and cytopenia/GI toxicity risks;,refuting,"FDA label (Adverse Reactions, Dosage/Administration, Warnings); FDA medical review; ODAC briefing; EPAR; pivotal paper (DLTs, dose reductions, discontinuations); ClinicalTrials.gov results (SAEs)  [query: Aurora A kinase relapsed/refractory peripheral T-cell lymphoma small_molecule]",https://pmc.ncbi.nlm.nih.gov/articles/PMC4500834/,"Alisertib was administered at 50 mg orally twice a day for the first 7 days of each 21-day treatment cycle... Nine patients underwent a dose reduction to 40 mg twice a day because of myelosuppression, five of which were required after cycle 1. Four patients required further dose reduction to 30 mg twice a day.","Barr PM et al., ""Phase II Intergroup Trial of Alisertib in Relapsed and Refractory Peripheral T-Cell Lymphoma and Transformed Mycosis Fungoides: SWOG 1108,"" J Clin Oncol 2015; PMC4500834, Results/Table 2",pivotal_publication_phase2,high,confirming,1.4,observed,"Small single-arm study (n=37); dose reductions were needed in roughly a quarter of patients to manage myelosuppression, so the window was navigable only with active dose titration, not a fixed clean margin.",high,verbatim_confirmed,ai:sonnet-5,2026-07-08,unverified,reviewer_candidate,,
alisertib_ptcl:ther:1,alisertib_ptcl,therapeutic_window,Was the efficacious dose achievable below the toxicity ceiling?,prior studies showed activity but need Phase 3 source to verify toxicity-limited dose vs efficacy failure.,refuting,"FDA label (Adverse Reactions, Dosage/Administration, Warnings); FDA medical review; ODAC briefing; EPAR; pivotal paper (DLTs, dose reductions, discontinuations); ClinicalTrials.gov results (SAEs)  [query: Aurora A kinase relapsed/refractory peripheral T-cell lymphoma small_molecule]",https://pmc.ncbi.nlm.nih.gov/articles/PMC4500834/,"Grade >=3 adverse events in >=5% of patients: neutropenia (32%), anemia (30%), thrombocytopenia (24%), febrile neutropenia (14%), mucositis (11%). One treatment-related death occurred during protocol therapy (sepsis-related, 8 days after completing two cycles of therapy).","Barr PM et al., SWOG 1108, J Clin Oncol 2015; PMC4500834, Safety section/Table 2",pivotal_publication_phase2,medium,refuting,0.6,observed,Single treatment-related death and high rates of grade 3-4 hematologic toxicity at the studied dose suggest the margin between active dose and serious toxicity was narrow in this heavily pretreated PTCL population; small sample size limits precision.,high,verbatim_confirmed,ai:sonnet-5,2026-07-08,unverified,reviewer_candidate,,
cediranib_glioblastoma:ther:0,cediranib_glioblastoma,therapeutic_window,Was the efficacious dose achievable below the toxicity ceiling?,PRE-DECISION CANDIDATE: VEGFR inhibitor with known hypertension/diarrhea/fatigue class toxicities;,refuting,"FDA label (Adverse Reactions, Dosage/Administration, Warnings); FDA medical review; ODAC briefing; EPAR; pivotal paper (DLTs, dose reductions, discontinuations); ClinicalTrials.gov results (SAEs)  [query: VEGFR tyrosine kinases recurrent glioblastoma small_molecule]",https://pmc.ncbi.nlm.nih.gov/articles/PMC4021043/,The mean dose-intensity was consistent (~80%) during the first 3 months of therapy; there were more cediranib dose reductions in the cediranib (30 mg) monotherapy arm.,"Batchelor et al., J Clin Oncol 2013;31(26):3212-3218 (REGAL trial), PMC4021043, Results - Dose-Intensity section",pivotal_publication_phase3,high,refuting,0.55,observed,"REGAL dose-intensity/reduction data reflect the specific recurrent-glioblastoma dosing tested (30 mg monotherapy / 20 mg combination), a level already reduced from the 45 mg/day used in an earlier phase 2 study; quote was paraphrased through an intermediate fetch-tool summary rather than independently re-read against the exact PDF wording, so a reviewer should re-verify the precise phrasing.",medium,needs_primary_pdf_confirmation,ai:sonnet-5,2026-07-08,unverified,reviewer_candidate,,
cediranib_glioblastoma:ther:1,cediranib_glioblastoma,therapeutic_window,Was the efficacious dose achievable below the toxicity ceiling?,need trial publication to confirm whether therapeutic window was binding vs endpoint/efficacy.,neutral,"FDA label (Adverse Reactions, Dosage/Administration, Warnings); FDA medical review; ODAC briefing; EPAR; pivotal paper (DLTs, dose reductions, discontinuations); ClinicalTrials.gov results (SAEs)  [query: VEGFR tyrosine kinases recurrent glioblastoma small_molecule]",https://pmc.ncbi.nlm.nih.gov/articles/PMC4021043/,"AEs leading to permanent discontinuation... were observed in 15%, 18%, and 16% [of patients across the three arms]; the increased incidence of toxicities did not result in an increase of cediranib discontinuations.","Batchelor et al., J Clin Oncol 2013;31(26):3212-3218 (REGAL trial), PMC4021043, Results - Adverse Events / Discussion",pivotal_publication_phase3,medium,confirming,1.3,observed,"Similar discontinuation rates across arms despite a much higher grade>=3 AE rate in the combination arm (80% vs 61%) suggest the dose was navigable via interruption/reduction rather than outright stopping, but this could also reflect trial-specific stopping-rule conservatism rather than true dose feasibility; quote paraphrased from an intermediate summary, not independently re-verified verbatim.",medium,needs_primary_pdf_confirmation,ai:sonnet-5,2026-07-08,unverified,reviewer_candidate,,
sapanisertib_solid_tumors:ther:0,sapanisertib_solid_tumors,therapeutic_window,Was the efficacious dose achievable below the toxicity ceiling?,PRE-DECISION CANDIDATE: mTORC1/2 inhibition commonly has metabolic/stomatitis/rash toxicity;,refuting,"FDA label (Adverse Reactions, Dosage/Administration, Warnings); FDA medical review; ODAC briefing; EPAR; pivotal paper (DLTs, dose reductions, discontinuations); ClinicalTrials.gov results (SAEs)  [query: mTORC1/2 HCC / TNBC / solid tumors small_molecule]",https://pmc.ncbi.nlm.nih.gov/articles/PMC7686313/,"Maximum tolerated doses of sapanisertib were 6 mg QD, 40 mg QW, 9 mg QD x 3dQW and 7 mg QD x 5dQW. Frequent dose-limiting toxicities (DLTs) included hyperglycaemia, maculo-papular rash (QD), asthenia and stomatitis","Voss MH, Gordon MS, Mita M, et al. Phase 1 study of mTORC1/2 inhibitor sapanisertib (TAK-228) in advanced solid tumours. Br J Cancer. 2020;123:1590-1598. PMCID PMC7686313, Results",pivotal_publication_phase1,high,refuting,0.45,observed,"MTDs were reached at fairly low absolute doses (e.g. 6mg QD) with multiple class-typical DLTs (hyperglycemia, rash, stomatitis) across all four dosing schedules tested, indicating a narrow window even before efficacy is considered.",high,verbatim_confirmed,ai:sonnet-5,2026-07-08,unverified,reviewer_candidate,,
sapanisertib_solid_tumors:ther:1,sapanisertib_solid_tumors,therapeutic_window,Was the efficacious dose achievable below the toxicity ceiling?,need primary sources for dose reductions/discontinuations and whether exposure was constrained.,refuting,"FDA label (Adverse Reactions, Dosage/Administration, Warnings); FDA medical review; ODAC briefing; EPAR; pivotal paper (DLTs, dose reductions, discontinuations); ClinicalTrials.gov results (SAEs)  [query: mTORC1/2 HCC / TNBC / solid tumors small_molecule]",https://pmc.ncbi.nlm.nih.gov/articles/PMC7686313/,expansion phase doses of 5 mg QD and 30 mg QW were selected based on tolerability beyond the DLT evaluation period,"Voss MH, et al. sapanisertib phase 1, Br J Cancer 2020;123:1590-1598, PMCID PMC7686313, Methods/Results",pivotal_publication_phase1,medium,refuting,0.6,inferred,"Expansion doses were set below the nominal MTD specifically to manage cumulative toxicity beyond the short DLT window, an indirect (inferred) sign that the initially defined MTD was not durably tolerable; single-agent solid-tumor population is not indication-restricted to HCC/TNBC.",medium,verbatim_confirmed,ai:sonnet-5,2026-07-08,unverified,reviewer_candidate,,
parsaclisib_fl:ther:0,parsaclisib_fl,therapeutic_window,Was the efficacious dose achievable below the toxicity ceiling?,PRE-DECISION CANDIDATE: PI3K-delta class toxicity concern;,refuting,"FDA label (Adverse Reactions, Dosage/Administration, Warnings); FDA medical review; ODAC briefing; EPAR; pivotal paper (DLTs, dose reductions, discontinuations); ClinicalTrials.gov results (SAEs)  [query: PI3K-delta relapsed/refractory follicular lymphoma small_molecule]",https://pmc.ncbi.nlm.nih.gov/articles/PMC10469382/,"Parsaclisib, a potent and highly selective PI3Kdelta inhibitor, was structurally designed to improve the safety profile associated with earlier PI3K inhibitors.","CITADEL-203 phase 2 study of parsaclisib in relapsed/refractory follicular lymphoma, eClinicalMedicine 2023, PMC10469382, Introduction/Background section",pivotal_publication_phase2,medium,confirming,1.3,inferred,Design-rationale statement paraphrased from a secondary summary rather than independently re-verified against the exact article wording; reflects the sponsor's stated intent rather than a direct trial safety measurement (see companion atoms for observed data).,medium,needs_primary_pdf_confirmation,ai:sonnet-5,2026-07-08,unverified,reviewer_candidate,,
parsaclisib_fl:ther:1,parsaclisib_fl,therapeutic_window,Was the efficacious dose achievable below the toxicity ceiling?,seed cited colitis/safety issues but web review here did not find sufficient primary support.,refuting,"FDA label (Adverse Reactions, Dosage/Administration, Warnings); FDA medical review; ODAC briefing; EPAR; pivotal paper (DLTs, dose reductions, discontinuations); ClinicalTrials.gov results (SAEs)  [query: PI3K-delta relapsed/refractory follicular lymphoma small_molecule]",https://pmc.ncbi.nlm.nih.gov/articles/PMC10469382/,"Dose interruption, reduction, and discontinuation from TEAEs occurred in 46.8% (n=59), 17.5% (n=22), and 23.8% (n=30) [of patients]; TEAEs led to parsaclisib discontinuation in 30 patients (23.8%) overall.","CITADEL-203 phase 2 study, eClinicalMedicine 2023, PMC10469382, Results - Safety",pivotal_publication_phase2,high,refuting,0.5,observed,"Nearly a quarter of patients discontinued for toxicity in a relapsed/refractory FL population; grade>=3 diarrhea/colitis had a delayed median onset (~5-6 months per the same publication), meaning the toxicity ceiling may not manifest until extended exposure, which this cross-sectional rate does not fully capture.",high,verbatim_confirmed,ai:sonnet-5,2026-07-08,unverified,reviewer_candidate,,
parsaclisib_fl:ther:2,parsaclisib_fl,therapeutic_window,Was the efficacious dose achievable below the toxicity ceiling?,Needs manual verification.,neutral,"FDA label (Adverse Reactions, Dosage/Administration, Warnings); FDA medical review; ODAC briefing; EPAR; pivotal paper (DLTs, dose reductions, discontinuations); ClinicalTrials.gov results (SAEs)  [query: PI3K-delta relapsed/refractory follicular lymphoma small_molecule]",https://pmc.ncbi.nlm.nih.gov/articles/PMC10469382/,"Serious TEAEs occurred in 57 patients (45.2%) in the total population; two fatal TEAEs occurred during the study, both of which were considered treatment-related.","CITADEL-203 phase 2 study, eClinicalMedicine 2023, PMC10469382, Results - Safety",pivotal_publication_phase2,high,refuting,0.55,observed,Two treatment-related fatal events in a study of roughly 126-130 patients is a small-sample tail signal; causal attribution of fatal TEAEs in a heavily pretreated lymphoma population can be confounded by underlying disease burden.,high,verbatim_confirmed,ai:sonnet-5,2026-07-08,unverified,reviewer_candidate,,
venetoclax_cll_17p:ther:0,venetoclax_cll_17p,therapeutic_window,Was the efficacious dose achievable below the toxicity ceiling?,PRE-DECISION CANDIDATE: Selective BCL-2 inhibition designed to avoid BCL-xL platelet liability seen with navitoclax;,neutral,"FDA label (Adverse Reactions, Dosage/Administration, Warnings); FDA medical review; ODAC briefing; EPAR; pivotal paper (DLTs, dose reductions, discontinuations); ClinicalTrials.gov results (SAEs)  [query: BCL-2 selective CLL with 17p deletion; CLL/SLL small_molecule]",,,,,,,,,,,,ai:pending,,unverified,reviewer_candidate,,
venetoclax_cll_17p:ther:1,venetoclax_cll_17p,therapeutic_window,Was the efficacious dose achievable below the toxicity ceiling?,dose ramp-up/TLS management enabled active exposure.,neutral,"FDA label (Adverse Reactions, Dosage/Administration, Warnings); FDA medical review; ODAC briefing; EPAR; pivotal paper (DLTs, dose reductions, discontinuations); ClinicalTrials.gov results (SAEs)  [query: BCL-2 selective CLL with 17p deletion; CLL/SLL small_molecule]",https://dailymed.nlm.nih.gov/dailymed/fda/fdaDrugXsl.cfm?setid=b118a40d-6b56-cee3-10f6-ded821a97018&type=display&version=85,"Tumor lysis syndrome, including fatal events and renal failure requiring dialysis, has occurred. Changes in blood chemistries consistent with TLS...can occur as early as 6 to 8 hours following the first dose.","VENCLEXTA (venetoclax) DailyMed SPL version 85, published 2016-04-13 (matches label 'Revised: 4/2016', the original approval label) — Section 5.1 (Tumor Lysis Syndrome). No boxed warning present in this version.",fda_label,high,confirming,2.2,observed,In-population (del(17p) R/R CLL). Positive control: an efficacious 400 mg exposure was achievable once the ramp-up/TLS-mitigation protocol was in place; label snapshot is the exact SPL version published at 2016 approval (no lookahead — later revisions excluded by construction).,high,verbatim_confirmed,ai:opus-4.8,2026-07-05,unverified,reviewer_candidate,,
venetoclax_cll_17p:ther:2,venetoclax_cll_17p,therapeutic_window,Was the efficacious dose achievable below the toxicity ceiling?,Single-arm trial showed high ORR in 17p-deleted CLL.,neutral,"FDA label (Adverse Reactions, Dosage/Administration, Warnings); FDA medical review; ODAC briefing; EPAR; pivotal paper (DLTs, dose reductions, discontinuations); ClinicalTrials.gov results (SAEs)  [query: BCL-2 selective CLL with 17p deletion; CLL/SLL small_molecule]",,,,,,,,,,,,ai:pending,,unverified,reviewer_candidate,,
alpelisib_solar1:ther:0,alpelisib_solar1,therapeutic_window,Was the efficacious dose achievable below the toxicity ceiling?,PRE-DECISION CANDIDATE: Alpha-selective PI3K inhibitor with known hyperglycemia/rash/diarrhea;,neutral,"FDA label (Adverse Reactions, Dosage/Administration, Warnings); FDA medical review; ODAC briefing; EPAR; pivotal paper (DLTs, dose reductions, discontinuations); ClinicalTrials.gov results (SAEs)  [query: PI3K-alpha PIK3CA-mutated HR+/HER2- advanced breast cancer small_molecule]",https://dailymed.nlm.nih.gov/dailymed/fda/fdaDrugXsl.cfm?setid=b20b4e18-7a4b-4500-a08f-06c6dab0ee5b&type=display&version=1,"Interrupt PIQRAY dose until recovery to Grade <= 1, then resume PIQRAY at the next lower dose level.","PIQRAY (alpelisib) FDA label, DailyMed SPL version 1, published 2019-05-28, Section 2.3 Dose Modifications for Adverse Reactions, Table 4 (Diarrhea)",fda_label,medium,confirming,1.3,inferred,"Reflects the label's general graded dose-modification architecture rather than a direct trial-level efficacy/toxicity trade-off measurement; the existence of a structured step-down protocol is used here as indirect evidence that the toxicity was considered manageable, not as a direct dose-response finding.",medium,verbatim_confirmed,ai:sonnet-5,2026-07-08,unverified,reviewer_candidate,,
alpelisib_solar1:ther:1,alpelisib_solar1,therapeutic_window,Was the efficacious dose achievable below the toxicity ceiling?,SOLAR-1 randomized evidence supported efficacy in PIK3CA-mutated tumors despite manageable toxicity.,refuting,"FDA label (Adverse Reactions, Dosage/Administration, Warnings); FDA medical review; ODAC briefing; EPAR; pivotal paper (DLTs, dose reductions, discontinuations); ClinicalTrials.gov results (SAEs)  [query: PI3K-alpha PIK3CA-mutated HR+/HER2- advanced breast cancer small_molecule]",https://dailymed.nlm.nih.gov/dailymed/fda/fdaDrugXsl.cfm?setid=b20b4e18-7a4b-4500-a08f-06c6dab0ee5b&type=display&version=1,Dose reductions due to ARs occurred in 55% of patients receiving PIQRAY plus fulvestrant... 21% permanently discontinued PIQRAY alone.,"PIQRAY (alpelisib) FDA label, DailyMed SPL version 1, published 2019-05-28, Section 6.1 Clinical Trial Experience (SOLAR-1 safety population)",fda_label,high,refuting,0.5,observed,"Rates reflect the full SOLAR-1 safety population, not stratified by prior line of therapy; the built-in dose-reduction protocol mitigated but clearly did not eliminate the toxicity burden (over half of patients needed a reduction).",high,verbatim_confirmed,ai:sonnet-5,2026-07-08,unverified,reviewer_candidate,,
alpelisib_solar1:ther:2,alpelisib_solar1,therapeutic_window,Was the efficacious dose achievable below the toxicity ceiling?,Need label discontinuation/dose-reduction extraction.,refuting,"FDA label (Adverse Reactions, Dosage/Administration, Warnings); FDA medical review; ODAC briefing; EPAR; pivotal paper (DLTs, dose reductions, discontinuations); ClinicalTrials.gov results (SAEs)  [query: PI3K-alpha PIK3CA-mutated HR+/HER2- advanced breast cancer small_molecule]",https://dailymed.nlm.nih.gov/dailymed/fda/fdaDrugXsl.cfm?setid=b20b4e18-7a4b-4500-a08f-06c6dab0ee5b&type=display&version=1,"hyperglycemia (6%), rash (4.2%), diarrhea (2.8%), and fatigue (2.5%) [adverse reactions leading to discontinuation]; hyperglycemia (29%), rash (9%), diarrhea (6%), stomatitis (3.5%) [leading to dose reduction]","PIQRAY (alpelisib) FDA label, DailyMed SPL version 1, published 2019-05-28, Section 6.1 Clinical Trial Experience, hyperglycemia-specific breakdown",fda_label,high,refuting,0.6,observed,"Hyperglycemia dominance as a discontinuation/dose-reduction driver may partly reflect metabolic comorbidity prevalence in the enrolled population rather than a purely drug-intrinsic ceiling; extraction from label text only, not cross-checked against the FDA medical review (accessdata.fda.gov is blocked to this fetcher).",high,verbatim_confirmed,ai:sonnet-5,2026-07-08,unverified,reviewer_candidate,,
inavolisib_inavo120:ther:0,inavolisib_inavo120,therapeutic_window,Was the efficacious dose achievable below the toxicity ceiling?,PRE-DECISION CANDIDATE: INAVO120 Phase 3 data supported inavolisib + palbociclib + fulvestrant;,neutral,"FDA label (Adverse Reactions, Dosage/Administration, Warnings); FDA medical review; ODAC briefing; EPAR; pivotal paper (DLTs, dose reductions, discontinuations); ClinicalTrials.gov results (SAEs)  [query: PI3K-alpha mutant selective/degrader PIK3CA-mutated HR+/HER2- advanced breast cancer small_molecule]",,,,,,,,,,,,ai:pending,,unverified,reviewer_candidate,,
inavolisib_inavo120:ther:1,inavolisib_inavo120,therapeutic_window,Was the efficacious dose achievable below the toxicity ceiling?,"adverse-event discontinuation summarized publicly as about 6%, suggesting active exposure was product-feasible.",refuting,"FDA label (Adverse Reactions, Dosage/Administration, Warnings); FDA medical review; ODAC briefing; EPAR; pivotal paper (DLTs, dose reductions, discontinuations); ClinicalTrials.gov results (SAEs)  [query: PI3K-alpha mutant selective/degrader PIK3CA-mutated HR+/HER2- advanced breast cancer small_molecule]",https://dailymed.nlm.nih.gov/dailymed/fda/fdaDrugXsl.cfm?setid=5de59f5b-e5db-410f-b692-658686ef4107&type=display,Permanent discontinuation of ITOVEBI due to an adverse reaction occurred in 6% of patients.,"ITOVEBI (inavolisib) FDA label, Oct 2024 — Section 6.1 (Adverse Reactions). Verbatim from DailyMed.",fda_label,high,confirming,1.9,observed,In-population (PIK3CA-mut HR+/HER2- breast). Modern approved comparator: low (~6%) AE-driven discontinuation indicates the efficacious 9 mg exposure was feasible below the tolerability ceiling; on-target hyperglycemia was largely managed with anti-hyperglycemics/dose modification. INAVO120 data were public (SABCS Dec 2023) before the Oct 2024 approval — no lookahead.,high,verbatim_confirmed,ai:opus-4.8,2026-07-05,unverified,reviewer_candidate,,
inavolisib_inavo120:ther:2,inavolisib_inavo120,therapeutic_window,Was the efficacious dose achievable below the toxicity ceiling?,Need FDA label extraction.,neutral,"FDA label (Adverse Reactions, Dosage/Administration, Warnings); FDA medical review; ODAC briefing; EPAR; pivotal paper (DLTs, dose reductions, discontinuations); ClinicalTrials.gov results (SAEs)  [query: PI3K-alpha mutant selective/degrader PIK3CA-mutated HR+/HER2- advanced breast cancer small_molecule]",,,,,,,,,,,,ai:pending,,unverified,reviewer_candidate,,
capivasertib_capitello291:ther:0,capivasertib_capitello291,therapeutic_window,Was the efficacious dose achievable below the toxicity ceiling?,PRE-DECISION CANDIDATE: CAPItello-291/NEJM and public label summaries show diarrhea/rash/hyperglycemia but data indicate a manageable product-level therapeutic window with intermittent dosing.,neutral,"FDA label (Adverse Reactions, Dosage/Administration, Warnings); FDA medical review; ODAC briefing; EPAR; pivotal paper (DLTs, dose reductions, discontinuations); ClinicalTrials.gov results (SAEs)  [query: AKT1/2/3 PIK3CA/AKT1/PTEN-altered HR+/HER2- advanced breast cancer small_molecule]",https://dailymed.nlm.nih.gov/dailymed/fda/fdaDrugXsl.cfm?setid=d698c106-2322-401e-b738-cbd83c843ecf&type=display&version=1,"400 mg orally twice daily, with or without food, for 4 days followed by 3 days off... Permanently discontinue TRUQAP if unable to tolerate the second dose reduction [320 mg then 200 mg twice daily, same 4-days-on/3-off schedule].","TRUQAP (capivasertib) FDA label, DailyMed SPL setid d698c106-2322-401e-b738-cbd83c843ecf, version 1, published 2023-11-17, Dosage and Administration section",fda_label,high,confirming,1.5,observed,"Label reflects the full CAPItello-291 safety population as well as the biomarker-altered subgroup; the built-in intermittent-dosing schedule and two-step dose-reduction ladder indicate the sponsor found a workable window, but this is a structural/regulatory framing rather than a raw toxicity ceiling measurement.",high,verbatim_confirmed,ai:sonnet-5,2026-07-08,unverified,reviewer_candidate,,
capivasertib_capitello291:ther:1,capivasertib_capitello291,therapeutic_window,Was the efficacious dose achievable below the toxicity ceiling?,Need discontinuation/dose intensity extraction.,refuting,"FDA label (Adverse Reactions, Dosage/Administration, Warnings); FDA medical review; ODAC briefing; EPAR; pivotal paper (DLTs, dose reductions, discontinuations); ClinicalTrials.gov results (SAEs)  [query: AKT1/2/3 PIK3CA/AKT1/PTEN-altered HR+/HER2- advanced breast cancer small_molecule]",https://pmc.ncbi.nlm.nih.gov/articles/PMC11588547/,"Cutaneous adverse reactions 58% all-grade, 17% Grade >=3, including erythema multiforme and drug reaction with eosinophilia... dose interruption, dose reduction and permanent discontinuation were higher [in the capivasertib arm]: 39% vs 14%, 22% vs 0.8%, and 10% vs 2.3%, respectively.","FDA Approval Summary: Capivasertib with Fulvestrant for HR+/HER2- Advanced Breast Cancer, Clin Cancer Res; PMC11588547, Safety/Table 4",fda_approval_summary,high,refuting,0.6,observed,High rates of cutaneous grade >=3 events (17%) and roughly 10x higher discontinuation/dose-reduction rates versus placebo indicate a narrower margin between efficacious exposure and serious toxicity than the label's dosing ladder alone would suggest.,high,verbatim_confirmed,ai:sonnet-5,2026-07-08,unverified,reviewer_candidate,,
osimertinib_t790m_nsclc:ther:0,osimertinib_t790m_nsclc,therapeutic_window,Was the efficacious dose achievable below the toxicity ceiling?,PRE-DECISION CANDIDATE: Third-generation EGFR inhibitor designed to target T790M while sparing wild-type EGFR more than earlier TKIs;,neutral,"FDA label (Adverse Reactions, Dosage/Administration, Warnings); FDA medical review; ODAC briefing; EPAR; pivotal paper (DLTs, dose reductions, discontinuations); ClinicalTrials.gov results (SAEs)  [query: EGFR mutant/T790M EGFR T790M NSCLC small_molecule]",https://dailymed.nlm.nih.gov/dailymed/fda/fdaDrugXsl.cfm?setid=5e81b4a7-b971-45e1-9c31-29cea8c87ce7&type=display&version=1,The recommended dose of TAGRISSO is 80 mg tablet once a day... Dose reductions occurred in 4.4% of patients treated with TAGRISSO... Discontinuation of therapy due to adverse reactions occurred in 5.6% of patients.,"TAGRISSO (osimertinib) FDA label, DailyMed SPL setid 5e81b4a7-b971-45e1-9c31-29cea8c87ce7, version 1, published 2015-11-16, Dosage and Adverse Reactions sections",fda_label,high,confirming,1.6,observed,"Low dose-reduction (4.4%) and discontinuation (5.6%) rates at the approved 80 mg dose support a workable therapeutic window in the T790M NSCLC population; label reflects the pooled AURA phase 1/2 dataset supporting accelerated approval, not a randomized comparator.",high,verbatim_confirmed,ai:sonnet-5,2026-07-08,unverified,reviewer_candidate,,
osimertinib_t790m_nsclc:ther:1,osimertinib_t790m_nsclc,therapeutic_window,Was the efficacious dose achievable below the toxicity ceiling?,early clinical response and tolerability supported active exposure.,neutral,"FDA label (Adverse Reactions, Dosage/Administration, Warnings); FDA medical review; ODAC briefing; EPAR; pivotal paper (DLTs, dose reductions, discontinuations); ClinicalTrials.gov results (SAEs)  [query: EGFR mutant/T790M EGFR T790M NSCLC small_molecule]",https://dailymed.nlm.nih.gov/dailymed/fda/fdaDrugXsl.cfm?setid=5e81b4a7-b971-45e1-9c31-29cea8c87ce7&type=display&version=1,Withhold TAGRISSO until QTc interval is less than 481 msec... then resume at 40 mg dose... interstitial lung disease (ILD)/pneumonitis occurred in 3.3% (n=27); 0.5% (n=4) were fatal.,"TAGRISSO FDA label, DailyMed setid 5e81b4a7-b971-45e1-9c31-29cea8c87ce7, version 1, published 2015-11-16, Warnings and Dosage Modification tables",fda_label,high,confirming,1.3,observed,"Existence of a structured step-down (80mg to 40mg) for QTc prolongation shows a usable secondary dose tier, but a low (0.5%) fatal ILD/pneumonitis rate is a real ceiling on the safety margin that a reviewer should weigh independently of the QTc management pathway.",high,verbatim_confirmed,ai:sonnet-5,2026-07-08,unverified,reviewer_candidate,,
osimertinib_t790m_nsclc:ther:2,osimertinib_t790m_nsclc,therapeutic_window,Was the efficacious dose achievable below the toxicity ceiling?,Need FDA review extraction.,neutral,"FDA label (Adverse Reactions, Dosage/Administration, Warnings); FDA medical review; ODAC briefing; EPAR; pivotal paper (DLTs, dose reductions, discontinuations); ClinicalTrials.gov results (SAEs)  [query: EGFR mutant/T790M EGFR T790M NSCLC small_molecule]",https://pmc.ncbi.nlm.nih.gov/articles/PMC4367669/,"No dose-limiting toxicities were reported at any dose level in the escalation cohorts of AURA phase 1... a substantive increase in dose reductions due to AEs was observed at doses of 160 mg (20.3%) and 240 mg (57.1%), compared to 80 mg (1.0%); the 80 mg daily dose was considered optimal to maximize efficacy and minimize skin and gastrointestinal adverse events.","Cross DAE et al./Jänne PA et al., AURA phase 1 dose-escalation summary (AZD9291), Cancer Discov / N Engl J Med 2015; secondary synthesis via PMC4367669 companion analysis, dose-response section",pivotal_publication_phase1,medium,confirming,1.5,observed,"Dose-reduction rate rose sharply above 80mg (1.0% to 20.3% to 57.1%), showing the sponsor deliberately selected the recommended dose below a clear toxicity inflection point; quote is a paraphrase compiled from a secondary search summary rather than a direct verbatim extraction from the primary AURA phase 1 paper, so exact wording should be confirmed against the original NEJM/Cancer Discovery text.",medium,needs_primary_pdf_confirmation,ai:sonnet-5,2026-07-08,unverified,reviewer_candidate,,
amivantamab_chrysalis:ther:0,amivantamab_chrysalis,therapeutic_window,Was the efficacious dose achievable below the toxicity ceiling?,PRE-DECISION CANDIDATE: CHRYSALIS showed ORR around 40% with median DOR 11.1 months;,neutral,"FDA label (Adverse Reactions, Dosage/Administration, Warnings); FDA medical review; ODAC briefing; EPAR; pivotal paper (DLTs, dose reductions, discontinuations); ClinicalTrials.gov results (SAEs)  [query: EGFR/MET bispecific antibody EGFR exon20 insertion NSCLC after platinum bispecific_antibody]",https://pmc.ncbi.nlm.nih.gov/articles/PMC8791812/,"No maximum tolerated dose had been identified through the maximum assessed dose of 1,750 mg","Park K, Haura EB, Leighl NB, et al. Amivantamab in EGFR Exon 20 Insertion-Mutated NSCLC Progressing on Platinum Chemotherapy: Initial Results From the CHRYSALIS Phase I Study. J Clin Oncol. 2021;39(30):3391-3402. PMCID PMC8791812, Pharmacokinetics/dose-escalation section",pivotal_publication_phase1,high,confirming,1.8,observed,"No MTD reached up to the highest tested dose is a strong window signal for the escalation cohort, but the RP2D was chosen on a composite safety/PK/PD basis rather than purely on toxicity ceiling data.",high,verbatim_confirmed,ai:sonnet-5,2026-07-08,unverified,reviewer_candidate,,
amivantamab_chrysalis:ther:1,amivantamab_chrysalis,therapeutic_window,Was the efficacious dose achievable below the toxicity ceiling?,infusion/rash/paronychia risks but exposure judged feasible at the selected dose.,neutral,"FDA label (Adverse Reactions, Dosage/Administration, Warnings); FDA medical review; ODAC briefing; EPAR; pivotal paper (DLTs, dose reductions, discontinuations); ClinicalTrials.gov results (SAEs)  [query: EGFR/MET bispecific antibody EGFR exon20 insertion NSCLC after platinum bispecific_antibody]",https://pmc.ncbi.nlm.nih.gov/articles/PMC8791812/,"rash in 98 patients (86%), infusion-related reactions in 75 (66%); Treatment-related grade >=3 AEs were reported in 18 patients (16%)","Park K, et al. CHRYSALIS, J Clin Oncol 2021;39(30):3391-3402, PMCID PMC8791812, Abstract + Safety section",pivotal_publication_phase1,high,confirming,1.4,observed,"Rash and IRR were near-universal but mostly low-grade (only 16% grade >=3 related AEs); IRR mitigation required infusion holds/slowing in a majority of patients, a real but manageable exposure constraint.",high,verbatim_confirmed,ai:sonnet-5,2026-07-08,unverified,reviewer_candidate,,
amivantamab_chrysalis:ther:2,amivantamab_chrysalis,therapeutic_window,Was the efficacious dose achievable below the toxicity ceiling?,Need label discontinuation extraction.,refuting,"FDA label (Adverse Reactions, Dosage/Administration, Warnings); FDA medical review; ODAC briefing; EPAR; pivotal paper (DLTs, dose reductions, discontinuations); ClinicalTrials.gov results (SAEs)  [query: EGFR/MET bispecific antibody EGFR exon20 insertion NSCLC after platinum bispecific_antibody]",https://pmc.ncbi.nlm.nih.gov/articles/PMC8791812/,Treatment-related dose reductions occurred in 15 patients (13%); Five patients (4%) had treatment-related discontinuation,"Park K, et al. CHRYSALIS, J Clin Oncol 2021;39(30):3391-3402, PMCID PMC8791812, Safety section",pivotal_publication_phase1,high,confirming,1.5,observed,"Low dose-reduction (13%) and discontinuation (4%) rates at the recommended dose support a held window at the RP2D selected for the post-platinum cohort; figures are for the safety population overall, not indication-restricted.",high,verbatim_confirmed,ai:sonnet-5,2026-07-08,unverified,reviewer_candidate,,
sotorasib_codebreak100:ther:0,sotorasib_codebreak100,therapeutic_window,Was the efficacious dose achievable below the toxicity ceiling?,PRE-DECISION CANDIDATE: Covalent KRAS G12C inhibitor with GI/hepatic toxicities but clinical activity at selected dose;,refuting,"FDA label (Adverse Reactions, Dosage/Administration, Warnings); FDA medical review; ODAC briefing; EPAR; pivotal paper (DLTs, dose reductions, discontinuations); ClinicalTrials.gov results (SAEs)  [query: KRAS G12C KRAS G12C-mutated NSCLC after prior therapy small_molecule]",https://pmc.ncbi.nlm.nih.gov/articles/PMC9116274/,"Sotorasib was administered at a dose of 960 mg orally once daily. Treatment-related adverse events occurred in 88 of 126 patients (69.8%), including grade 3 events in 25 patients (19.8%) and a grade 4 event in 1 (0.8%); no treatment-related adverse events of grade 5 were reported.","Skoulidis F et al., ""Sotorasib for Lung Cancers with KRAS p.G12C Mutation,"" N Engl J Med 2021; PMC9116274, Results/Safety",pivotal_publication_phase2,high,confirming,1.5,observed,"No treatment-related grade 5 events at the studied 960 mg dose and a modest grade 3/4 rate (about 21% combined) support a workable window at the selected dose, though this is a single-arm phase 2 cohort without a randomized comparator.",high,verbatim_confirmed,ai:sonnet-5,2026-07-08,unverified,reviewer_candidate,,
sotorasib_codebreak100:ther:1,sotorasib_codebreak100,therapeutic_window,Was the efficacious dose achievable below the toxicity ceiling?,product-level exposure feasible at the selected dose.,neutral,"FDA label (Adverse Reactions, Dosage/Administration, Warnings); FDA medical review; ODAC briefing; EPAR; pivotal paper (DLTs, dose reductions, discontinuations); ClinicalTrials.gov results (SAEs)  [query: KRAS G12C KRAS G12C-mutated NSCLC after prior therapy small_molecule]",https://pmc.ncbi.nlm.nih.gov/articles/PMC9116274/,"Diarrhea (in 40 patients [31.7%]), nausea (in 24 [19.0%]), alanine aminotransferase increase and aspartate aminotransferase increase (19 [15.1%] each)... an objective response was observed in 37.1% of the patients at the 960 mg dose.","Skoulidis F et al., CodeBreaK100, NEJM 2021; PMC9116274, Results (efficacy and AE tables)",pivotal_publication_phase2,high,confirming,1.4,observed,"Meaningful objective response (37.1%) was achieved at the single dose tested (960 mg, the only dose carried into phase 2), so this cannot separately establish that a lower-toxicity dose would have preserved efficacy; it only shows the chosen dose delivered activity without prohibitive toxicity.",high,verbatim_confirmed,ai:sonnet-5,2026-07-08,unverified,reviewer_candidate,,
sotorasib_codebreak100:ther:2,sotorasib_codebreak100,therapeutic_window,Was the efficacious dose achievable below the toxicity ceiling?,Need label/dose modification extraction.,neutral,"FDA label (Adverse Reactions, Dosage/Administration, Warnings); FDA medical review; ODAC briefing; EPAR; pivotal paper (DLTs, dose reductions, discontinuations); ClinicalTrials.gov results (SAEs)  [query: KRAS G12C KRAS G12C-mutated NSCLC after prior therapy small_molecule]",https://pmc.ncbi.nlm.nih.gov/articles/PMC9116274/,"Treatment-related adverse events led to dose modification (dose interruption, reduction, or both) in 28 patients (22.2%) and to discontinuation of therapy in 9 (7.1%). Dose reduction occurred in 26 patients (20.6%).","Skoulidis F et al., CodeBreaK100, NEJM 2021; PMC9116274, Safety/dose-modification section",pivotal_publication_phase2,high,confirming,1.3,observed,"About one in five patients needed a dose modification and roughly 7% discontinued for toxicity, indicating the window required active management rather than being toxicity-free; single-arm phase 2 data at the sole dose tested limits ability to compare against alternative doses.",high,verbatim_confirmed,ai:sonnet-5,2026-07-08,unverified,reviewer_candidate,,
adagrasib_kras_g12c_nsclc:ther:0,adagrasib_kras_g12c_nsclc,therapeutic_window,Was the efficacious dose achievable below the toxicity ceiling?,PRE-DECISION CANDIDATE: KRYSTAL-1 showed efficacy with manageable GI/hepatic/QTc safety monitoring;,neutral,"FDA label (Adverse Reactions, Dosage/Administration, Warnings); FDA medical review; ODAC briefing; EPAR; pivotal paper (DLTs, dose reductions, discontinuations); ClinicalTrials.gov results (SAEs)  [query: KRAS G12C KRAS G12C-mutated NSCLC after prior therapy small_molecule]",https://pubmed.ncbi.nlm.nih.gov/35658005/,48 (42.9%) had a confirmed objective response ... treatment-related adverse events occurred in 97.4% of the patients ... grade 3 or higher in 44.8%,"Janne PA et al., Adagrasib in Non-Small-Cell Lung Cancer Harboring a KRASG12C Mutation, N Engl J Med 2022;387:120-131, PMID 35658005 (KRYSTAL-1 registrational cohort, abstract/results)",pivotal_publication_phase2,high,confirming,1.8,observed,Quote pulled from PubMed abstract text (no PMC full text available for this NEJM article); grade 3+ AE rate of 44.8% including two grade 5 events shows meaningful toxicity burden alongside the efficacy signal.,high,verbatim_confirmed,ai:sonnet-5,2026-07-08,unverified,reviewer_candidate,,
adagrasib_kras_g12c_nsclc:ther:1,adagrasib_kras_g12c_nsclc,therapeutic_window,Was the efficacious dose achievable below the toxicity ceiling?,active exposure feasible at the selected dose.,neutral,"FDA label (Adverse Reactions, Dosage/Administration, Warnings); FDA medical review; ODAC briefing; EPAR; pivotal paper (DLTs, dose reductions, discontinuations); ClinicalTrials.gov results (SAEs)  [query: KRAS G12C KRAS G12C-mutated NSCLC after prior therapy small_molecule]",https://pubmed.ncbi.nlm.nih.gov/35658005/,resulted in drug discontinuation in 6.9% of patients ... adagrasib showed clinical efficacy without new safety signals,"Janne PA et al., N Engl J Med 2022;387:120-131, PMID 35658005 (KRYSTAL-1, 600 mg BID selected dose)",pivotal_publication_phase2,high,confirming,1.6,observed,"Low (6.9%) discontinuation rate supports feasibility of sustained active exposure at the selected 600 mg BID dose, but this reflects a single data-cutoff snapshot from the registrational cohort, not long-term real-world exposure.",high,verbatim_confirmed,ai:sonnet-5,2026-07-08,unverified,reviewer_candidate,,
adagrasib_kras_g12c_nsclc:ther:2,adagrasib_kras_g12c_nsclc,therapeutic_window,Was the efficacious dose achievable below the toxicity ceiling?,Need label dose-reduction/discontinuation extraction.,refuting,"FDA label (Adverse Reactions, Dosage/Administration, Warnings); FDA medical review; ODAC briefing; EPAR; pivotal paper (DLTs, dose reductions, discontinuations); ClinicalTrials.gov results (SAEs)  [query: KRAS G12C KRAS G12C-mutated NSCLC after prior therapy small_molecule]",https://dailymed.nlm.nih.gov/dailymed/fda/fdaDrugXsl.cfm?setid=0b8bf078-34c2-4f45-9012-38a8ac082b01&type=display&version=3,Dose interruptions of adagrasib due to an adverse reaction occurred in 77% of patients ... Dose reductions ... occurred in 28% of patients ... Permanent discontinuation ... occurred in 13% of patients,"KRAZATI (adagrasib) label, DailyMed SPL version 3, published 2023-01-06 (Adverse Reactions / Dosage and Administration sections)",fda_label,high,refuting,0.6,observed,Label version 3 published ~3 weeks after the 12/12/2022 accelerated approval decision; it reflects the same safety database submitted for approval but is not the exact day-of-decision snapshot. High rate of dose interruptions (77%) indicates the approved dose frequently required temporary de-escalation to remain below the toxicity ceiling.,high,verbatim_confirmed,ai:sonnet-5,2026-07-08,unverified,reviewer_candidate,,
trastuzumab_deruxtecan_her2_breast:ther:0,trastuzumab_deruxtecan_her2_breast,therapeutic_window,Was the efficacious dose achievable below the toxicity ceiling?,PRE-DECISION CANDIDATE: ADC showed strong clinical activity;,neutral,"FDA label (Adverse Reactions, Dosage/Administration, Warnings); FDA medical review; ODAC briefing; EPAR; pivotal paper (DLTs, dose reductions, discontinuations); ClinicalTrials.gov results (SAEs)  [query: HER2 ADC / topoisomerase I payload HER2-positive and HER2-low metastatic breast cancer antibody_drug_conjugate]",https://pmc.ncbi.nlm.nih.gov/articles/PMC7458671/,"On the basis of the balance of safety and efficacy, a dose of 5.4 mg per kilogram was recommended","Modi S, Saura C, Yamashita T, et al. Trastuzumab Deruxtecan in Previously Treated HER2-Positive Breast Cancer (DESTINY-Breast01). N Engl J Med. 2020;382(7):610-621. PMCID PMC7458671, Methods/Dose selection",pivotal_publication_phase2,high,confirming,1.5,observed,This is the dose-justification sentence from the phase 1 dose-finding work carried into the phase 2 DESTINY-Breast01 population; it documents that a balanced dose was selected but does not itself quantify the safety margin at that dose.,high,verbatim_confirmed,ai:sonnet-5,2026-07-08,unverified,reviewer_candidate,,
trastuzumab_deruxtecan_her2_breast:ther:1,trastuzumab_deruxtecan_her2_breast,therapeutic_window,Was the efficacious dose achievable below the toxicity ceiling?,ILD/pneumonitis boxed warning is serious but dose/monitoring strategy allowed continued active dosing.,refuting,"FDA label (Adverse Reactions, Dosage/Administration, Warnings); FDA medical review; ODAC briefing; EPAR; pivotal paper (DLTs, dose reductions, discontinuations); ClinicalTrials.gov results (SAEs)  [query: HER2 ADC / topoisomerase I payload HER2-positive and HER2-low metastatic breast cancer antibody_drug_conjugate]",https://pmc.ncbi.nlm.nih.gov/articles/PMC7458671/,"trial drug was associated with interstitial lung disease in 13.6% of the patients [grade 1 or 2, 10.9%; grade 3 or 4, 0.5%; and grade 5, 2.2%]","Modi S, et al. DESTINY-Breast01, N Engl J Med 2020;382(7):610-621, PMCID PMC7458671, Safety/ILD section",pivotal_publication_phase2,high,refuting,0.55,observed,"ILD/pneumonitis at 13.6% including fatal cases (2.2% grade 5) is a genuine, dose-independent toxicity ceiling signal for the ADC class at the recommended 5.4mg/kg dose; most cases were low-grade (10.9% grade 1-2), a mitigating factor for the overall window judgment.",high,verbatim_confirmed,ai:sonnet-5,2026-07-08,unverified,reviewer_candidate,,
trastuzumab_deruxtecan_her2_breast:ther:2,trastuzumab_deruxtecan_her2_breast,therapeutic_window,Was the efficacious dose achievable below the toxicity ceiling?,Need pivotal trial safety table extraction.,neutral,"FDA label (Adverse Reactions, Dosage/Administration, Warnings); FDA medical review; ODAC briefing; EPAR; pivotal paper (DLTs, dose reductions, discontinuations); ClinicalTrials.gov results (SAEs)  [query: HER2 ADC / topoisomerase I payload HER2-positive and HER2-low metastatic breast cancer antibody_drug_conjugate]",https://pmc.ncbi.nlm.nih.gov/articles/PMC7458671/,Adverse events led to a dose interruption in 65 patients (35.3%) and to a dose reduction in 43 patients (23.4%); 28 patients (15.2%) discontinued treatment because of an adverse event,"Modi S, et al. DESTINY-Breast01, N Engl J Med 2020;382(7):610-621, PMCID PMC7458671, Safety section (dose modification table narrative)",pivotal_publication_phase2,high,refuting,0.5,observed,"23.4% dose-reduction and 15.2% AE-driven discontinuation rates (largely ILD-related, 11 of 28 discontinuations for pneumonitis) at the recommended dose indicate real exposure constraints even though the drug retained substantial activity in this heavily pretreated population.",high,verbatim_confirmed,ai:sonnet-5,2026-07-08,unverified,reviewer_candidate,,
enfortumab_vedotin_ev201:ther:0,enfortumab_vedotin_ev201,therapeutic_window,Was the efficacious dose achievable below the toxicity ceiling?,PRE-DECISION CANDIDATE: EV-201 ORR about 44% with neuropathy/rash/hyperglycemia risks;,neutral,"FDA label (Adverse Reactions, Dosage/Administration, Warnings); FDA medical review; ODAC briefing; EPAR; pivotal paper (DLTs, dose reductions, discontinuations); ClinicalTrials.gov results (SAEs)  [query: Nectin-4 ADC / MMAE payload advanced urothelial carcinoma antibody_drug_conjugate]",https://pmc.ncbi.nlm.nih.gov/articles/PMC6784850/,No single treatment-related adverse event grade 3 or greater occurred in 10% or more of patients.,"Rosenberg et al., J Clin Oncol 2019;37(29):2592-2600 (EV-201 Cohort 1), PMC6784850, Results - Safety",pivotal_publication_phase2,medium,confirming,1.4,inferred,Absence of any single dominant grade>=3 AE is an indirect signal of overall tolerability at the selected dose; it does not by itself measure how much dose modification was required to achieve that profile (see companion atoms).,high,verbatim_confirmed,ai:sonnet-5,2026-07-08,unverified,reviewer_candidate,,
enfortumab_vedotin_ev201:ther:1,enfortumab_vedotin_ev201,therapeutic_window,Was the efficacious dose achievable below the toxicity ceiling?,active exposure judged feasible at the selected dose.,neutral,"FDA label (Adverse Reactions, Dosage/Administration, Warnings); FDA medical review; ODAC briefing; EPAR; pivotal paper (DLTs, dose reductions, discontinuations); ClinicalTrials.gov results (SAEs)  [query: Nectin-4 ADC / MMAE payload advanced urothelial carcinoma antibody_drug_conjugate]",https://pmc.ncbi.nlm.nih.gov/articles/PMC6784850/,Treatment-related adverse events led to dose reductions in 32% of patients and discontinuation in 12% of patients. Peripheral sensory neuropathy was the most common treatment-related adverse event that led to dose reduction (9%) and discontinuation (6%).,"Rosenberg et al., J Clin Oncol 2019;37(29):2592-2600 (EV-201 Cohort 1), PMC6784850, Results - Safety, Table 3",pivotal_publication_phase2,high,confirming,1.4,observed,"12% discontinuation is nontrivial, and neuropathy resolution was incomplete in a meaningful share of patients per the same publication; single-arm phase 2 population (n=125) may not generalize to a broader post-marketing population.",high,verbatim_confirmed,ai:sonnet-5,2026-07-08,unverified,reviewer_candidate,,
enfortumab_vedotin_ev201:ther:2,enfortumab_vedotin_ev201,therapeutic_window,Was the efficacious dose achievable below the toxicity ceiling?,Need FDA label/review extraction.,neutral,"FDA label (Adverse Reactions, Dosage/Administration, Warnings); FDA medical review; ODAC briefing; EPAR; pivotal paper (DLTs, dose reductions, discontinuations); ClinicalTrials.gov results (SAEs)  [query: Nectin-4 ADC / MMAE payload advanced urothelial carcinoma antibody_drug_conjugate]",https://dailymed.nlm.nih.gov/dailymed/fda/fdaDrugXsl.cfm?setid=b5631d3e-4604-4363-8f20-11dfc5a4a8ed&type=display&version=2,Adverse reactions leading to dose interruption occurred in 64% of patients; the most common adverse reaction leading to discontinuation was peripheral neuropathy (6%).,"PADCEV (enfortumab vedotin) FDA label, DailyMed SPL version 2, published 2020-01-02, Section 6.1 Clinical Trials Experience",fda_label,high,refuting,0.65,observed,SPL version 2 (published 2020-01-02) is the earliest DailyMed version available for this setid and postdates the 2019-12-18 accelerated-approval decision by about two weeks; content reflects the same EV-201 approval-basis dataset but exact wording in effect on the decision date itself was not independently confirmed. A 64% interruption rate alongside a 32% dose-reduction rate indicates a materially narrow dosing margin even though outright discontinuation was comparatively low.,medium,needs_primary_pdf_confirmation,ai:sonnet-5,2026-07-08,unverified,reviewer_candidate,,
polatuzumab_vedotin_dlbcl:ther:0,polatuzumab_vedotin_dlbcl,therapeutic_window,Was the efficacious dose achievable below the toxicity ceiling?,PRE-DECISION CANDIDATE: ADC plus bendamustine/rituximab showed clinical benefit with manageable cytopenia/neuropathy/infection risk;,neutral,"FDA label (Adverse Reactions, Dosage/Administration, Warnings); FDA medical review; ODAC briefing; EPAR; pivotal paper (DLTs, dose reductions, discontinuations); ClinicalTrials.gov results (SAEs)  [query: CD79b ADC / MMAE payload relapsed/refractory DLBCL antibody_drug_conjugate]",https://pmc.ncbi.nlm.nih.gov/articles/PMC7032881/,"Peripheral neuropathy occurred in 43.6% of pola-BR patients (11 grade 1, 6 grade 2, no grade 3-4); resolution in 10 patients and improvement in 1 patient at clinical cutoff; peripheral neuropathy was the only reason for a polatuzumab vedotin dose reduction, occurring in 2 patients (5.1%)","Sehn LH et al., Polatuzumab vedotin in relapsed/refractory DLBCL (GO29365 randomized cohort), J Clin Oncol 2020;38(2):155-165, PMC7032881",pivotal_publication_phase2,high,confirming,1.7,observed,"This is the pivotal GO29365 randomized cohort that supported the June 2019 accelerated approval; the JCO manuscript itself published in Jan 2020, slightly after the approval date, but reports the same trial data underlying the decision.",high,verbatim_confirmed,ai:sonnet-5,2026-07-08,unverified,reviewer_candidate,,
polatuzumab_vedotin_dlbcl:ther:1,polatuzumab_vedotin_dlbcl,therapeutic_window,Was the efficacious dose achievable below the toxicity ceiling?,exposure accepted at the selected dose.,neutral,"FDA label (Adverse Reactions, Dosage/Administration, Warnings); FDA medical review; ODAC briefing; EPAR; pivotal paper (DLTs, dose reductions, discontinuations); ClinicalTrials.gov results (SAEs)  [query: CD79b ADC / MMAE payload relapsed/refractory DLBCL antibody_drug_conjugate]",https://pmc.ncbi.nlm.nih.gov/articles/PMC7032881/,Grade 3-4 neutropenia was higher with pola-BR (46.2% vs 33.3%); grade 3-4 infections/infestations were similar in both arms (23.1% pola-BR; 20.5% BR); treatment delays occurred in 53.8% of pola-BR patients vs 38.5% of BR patients,"Sehn LH et al., GO29365 randomized cohort, J Clin Oncol 2020, PMC7032881",pivotal_publication_phase2,high,confirming,1.4,observed,"Higher cytopenia rates did not translate into a higher infection rate or meaningfully higher permanent discontinuation, supporting exposure feasibility at the selected dose, but treatment delays (dose-timing pressure) were notably more frequent in the pola-BR arm and should be weighed by the reviewer.",high,verbatim_confirmed,ai:sonnet-5,2026-07-08,unverified,reviewer_candidate,,
zanubrutinib_mcl_wm_cll:ther:0,zanubrutinib_mcl_wm_cll,therapeutic_window,Was the efficacious dose achievable below the toxicity ceiling?,PRE-DECISION CANDIDATE: BTK inhibitor designed/selectivity profile with manageable hematologic/infection/bleeding risks across trials;,neutral,"FDA label (Adverse Reactions, Dosage/Administration, Warnings); FDA medical review; ODAC briefing; EPAR; pivotal paper (DLTs, dose reductions, discontinuations); ClinicalTrials.gov results (SAEs)  [query: BTK MCL / WM / CLL/SLL / MZL / FL small_molecule]",https://pmc.ncbi.nlm.nih.gov/articles/PMC8270663/,"zanubrutinib was well-tolerated with treatment discontinuation and dose reduction for adverse events in 12.5% and 2.7% of patients, respectively.","Tam CS et al., pooled analysis of BGB-3111-206 and BGB-3111-AU-003 in relapsed/refractory MCL, Clin Cancer Res 2021 (PMID 34152395); PMC8270663, Safety summary",pivotal_publication_phase2,high,confirming,1.6,observed,"Low discontinuation (12.5%) and dose-reduction (2.7%) rates across two pooled trials at the tested doses support a wide, well-tolerated window in R/R MCL; pooled analysis combines two related but not identical trial designs.",high,verbatim_confirmed,ai:sonnet-5,2026-07-08,unverified,reviewer_candidate,,
zanubrutinib_mcl_wm_cll:ther:1,zanubrutinib_mcl_wm_cll,therapeutic_window,Was the efficacious dose achievable below the toxicity ceiling?,active dose feasible at the selected dose.,neutral,"FDA label (Adverse Reactions, Dosage/Administration, Warnings); FDA medical review; ODAC briefing; EPAR; pivotal paper (DLTs, dose reductions, discontinuations); ClinicalTrials.gov results (SAEs)  [query: BTK MCL / WM / CLL/SLL / MZL / FL small_molecule]",https://pmc.ncbi.nlm.nih.gov/articles/PMC8518153/,"administered as 160 mg twice daily (n = 14), 320 mg once daily (n = 18)... Sixteen patients (50%) required zanubrutinib dose interruptions, and 1 patient (3.1%) required dose reduction... only 1 AE (peripheral edema) was considered to be related to zanubrutinib treatment [as a cause of discontinuation].","Zanubrutinib monotherapy in R/R MCL, pooled analysis of two clinical trials; PMC8518153, Dosing and Safety sections",pivotal_publication_phase2,high,confirming,1.4,observed,"Half of patients needed a dose interruption at some point, showing the window required monitoring even though only one adverse event (peripheral edema) was drug-related enough to prompt discontinuation; different dosing arms (160mg BID vs 320mg QD) are combined in this summary.",high,verbatim_confirmed,ai:sonnet-5,2026-07-08,unverified,reviewer_candidate,,
zanubrutinib_mcl_wm_cll:ther:2,zanubrutinib_mcl_wm_cll,therapeutic_window,Was the efficacious dose achievable below the toxicity ceiling?,Need indication-specific label extraction.,neutral,"FDA label (Adverse Reactions, Dosage/Administration, Warnings); FDA medical review; ODAC briefing; EPAR; pivotal paper (DLTs, dose reductions, discontinuations); ClinicalTrials.gov results (SAEs)  [query: BTK MCL / WM / CLL/SLL / MZL / FL small_molecule]",https://pmc.ncbi.nlm.nih.gov/articles/PMC8518153/,"At least 1 AE of grade >=3 was reported in 59.4% of patients... anemia (12.5%), pneumonia (9.4%), and myalgia (9.4%)... Three patients (9.4%) had AEs leading to death: pneumonia, cerebral infarction, and cardiac failure [none attributed to zanubrutinib].","Zanubrutinib monotherapy in R/R MCL, pooled analysis of two clinical trials; PMC8518153, Adverse Events section",pivotal_publication_phase2,medium,confirming,1.3,observed,"Grade >=3 AE rate (59.4%) looks high in isolation, but none of the three fatal events were attributed to study drug, and only one AE overall was considered treatment-related enough to cause discontinuation; population is R/R MCL specifically, one indication within the broader MCL/WM/CLL/SLL/MZL/FL label, so some indication-generalization risk remains.",medium,verbatim_confirmed,ai:sonnet-5,2026-07-08,unverified,reviewer_candidate,,
acalabrutinib_mcl_cll:ther:0,acalabrutinib_mcl_cll,therapeutic_window,Was the efficacious dose achievable below the toxicity ceiling?,PRE-DECISION CANDIDATE: More selective BTK inhibitor with headache/diarrhea and bleeding/infection risks but generally manageable at active dose;,neutral,"FDA label (Adverse Reactions, Dosage/Administration, Warnings); FDA medical review; ODAC briefing; EPAR; pivotal paper (DLTs, dose reductions, discontinuations); ClinicalTrials.gov results (SAEs)  [query: BTK MCL / CLL/SLL small_molecule]",https://pmc.ncbi.nlm.nih.gov/articles/PMC7864374/,"headache (47 [38%]), diarrhoea (38 [31%]), fatigue (34 [27%]), and myalgia (26 [21%])... were primarily grade 1 or 2","Wang M, Rule S, Zinzani PL, et al. Acalabrutinib in relapsed or refractory mantle cell lymphoma (ACE-LY-004): a single-arm, multicentre, phase 2 trial. Lancet. 2018;391(10121):659-667. PMCID PMC7864374, Results/safety section",pivotal_publication_phase2,high,confirming,1.6,observed,"Most common AEs (headache, diarrhea, fatigue, myalgia) were low-grade and manageable at the active 100mg BID dose, but this quote alone does not capture serious-AE-driven discontinuation.",high,verbatim_confirmed,ai:sonnet-5,2026-07-08,unverified,reviewer_candidate,,
acalabrutinib_mcl_cll:ther:1,acalabrutinib_mcl_cll,therapeutic_window,Was the efficacious dose achievable below the toxicity ceiling?,data support a held therapeutic window.,neutral,"FDA label (Adverse Reactions, Dosage/Administration, Warnings); FDA medical review; ODAC briefing; EPAR; pivotal paper (DLTs, dose reductions, discontinuations); ClinicalTrials.gov results (SAEs)  [query: BTK MCL / CLL/SLL small_molecule]",https://pmc.ncbi.nlm.nih.gov/articles/PMC7864374/,"neutropenia (13 [10%]), anaemia (11 [9%]), and pneumonia (six [5%])... no cases of atrial fibrillation and one case of grade 3 or worse haemorrhage; adverse events [led to discontinuation in] seven (6%) patients","Wang M, Rule S, Zinzani PL, et al. ACE-LY-004, Lancet 2018;391(10121):659-667, PMCID PMC7864374, Safety section (grade >=3 AEs and discontinuations)",pivotal_publication_phase2,high,confirming,1.7,observed,"Grade >=3 events (neutropenia, anemia, pneumonia) and a low 6% AE-driven discontinuation rate at the registration dose support a held window; median relative dose intensity ~98.5% per the same paper (not independently re-verified verbatim here).",high,verbatim_confirmed,ai:sonnet-5,2026-07-08,unverified,reviewer_candidate,,
pirtobrutinib_mcl:ther:0,pirtobrutinib_mcl,therapeutic_window,Was the efficacious dose achievable below the toxicity ceiling?,"PRE-DECISION CANDIDATE: Non-covalent BTK inhibitor with fatigue, musculoskeletal pain, diarrhea, edema, dyspnea, pneumonia, and bruising;",neutral,"FDA label (Adverse Reactions, Dosage/Administration, Warnings); FDA medical review; ODAC briefing; EPAR; pivotal paper (DLTs, dose reductions, discontinuations); ClinicalTrials.gov results (SAEs)  [query: BTK non-covalent/reversible relapsed/refractory mantle cell lymphoma after BTK inhibitor small_molecule]",https://pmc.ncbi.nlm.nih.gov/articles/PMC11758240/,No DLTs were observed and the MTD was not reached... LOXO-305 was safe and active in multiple B-cell malignancies,"Mato AR, Shah NN, Jurczak W, et al. Pirtobrutinib in relapsed or refractory B-cell malignancies (BRUIN): a phase 1/2 study. Lancet. 2021;397(10277):892-901. PMCID PMC11758240, Results/Discussion",pivotal_publication_phase1,high,confirming,1.8,observed,"No MTD reached across 7 dose levels (25-300mg) is a strong signal of a wide window, but the phase 1/2 safety population is pooled across multiple B-cell malignancies rather than restricted to relapsed/refractory MCL specifically.",high,verbatim_confirmed,ai:sonnet-5,2026-07-08,unverified,reviewer_candidate,,
pirtobrutinib_mcl:ther:1,pirtobrutinib_mcl,therapeutic_window,Was the efficacious dose achievable below the toxicity ceiling?,active dose feasible at the selected dose.,neutral,"FDA label (Adverse Reactions, Dosage/Administration, Warnings); FDA medical review; ODAC briefing; EPAR; pivotal paper (DLTs, dose reductions, discontinuations); ClinicalTrials.gov results (SAEs)  [query: BTK non-covalent/reversible relapsed/refractory mantle cell lymphoma after BTK inhibitor small_molecule]",https://pmc.ncbi.nlm.nih.gov/articles/PMC11758240/,dose...reductions...for drug-related AEs were observed in 2.2% (n=7) of patients; Five patients (1.5%) discontinued treatment due to a treatment-related adverse event,"Mato AR, et al. BRUIN, Lancet 2021;397(10277):892-901, PMCID PMC11758240, Safety section",pivotal_publication_phase1,high,confirming,1.7,observed,Very low dose-reduction (2.2%) and discontinuation (1.5%) rates across the pooled BRUIN population strongly support a held window; this is pooled safety data (n=323) rather than the MCL-restricted subgroup used for the eventual accelerated approval.,high,verbatim_confirmed,ai:sonnet-5,2026-07-08,unverified,reviewer_candidate,,
pirtobrutinib_mcl:ther:2,pirtobrutinib_mcl,therapeutic_window,Was the efficacious dose achievable below the toxicity ceiling?,Need BRUIN tables.,neutral,"FDA label (Adverse Reactions, Dosage/Administration, Warnings); FDA medical review; ODAC briefing; EPAR; pivotal paper (DLTs, dose reductions, discontinuations); ClinicalTrials.gov results (SAEs)  [query: BTK non-covalent/reversible relapsed/refractory mantle cell lymphoma after BTK inhibitor small_molecule]",https://pmc.ncbi.nlm.nih.gov/articles/PMC11758240/,"efficacy at all dose levels tested and the lack of an MTD... [most common non-hematologic AEs were] fatigue, musculoskeletal pain, diarrhea, edema, dyspnea, pneumonia, and bruising","Mato AR, et al. BRUIN, Lancet 2021;397(10277):892-901, PMCID PMC11758240, Discussion + AE summary",pivotal_publication_phase1,medium,confirming,1.3,observed,AE list is qualitative (no grade/rate breakdown in this excerpt) and drawn from the pooled B-cell-malignancy population rather than the MCL-specific subgroup; efficacy-at-all-dose-levels claim is a favorable but non-quantified summary statement.,medium,verbatim_confirmed,ai:sonnet-5,2026-07-08,unverified,reviewer_candidate,,
zolbetuximab_spotlight_glow:ther:0,zolbetuximab_spotlight_glow,therapeutic_window,Was the efficacious dose achievable below the toxicity ceiling?,PRE-DECISION CANDIDATE: SPOTLIGHT/GLOW trials improved PFS/OS with chemotherapy;,neutral,"FDA label (Adverse Reactions, Dosage/Administration, Warnings); FDA medical review; ODAC briefing; EPAR; pivotal paper (DLTs, dose reductions, discontinuations); ClinicalTrials.gov results (SAEs)  [query: CLDN18.2 CLDN18.2-positive gastric/GEJ adenocarcinoma monoclonal_antibody]",https://dailymed.nlm.nih.gov/dailymed/fda/fdaDrugXsl.cfm?setid=e7695a21-abb6-47ac-93f8-0ece5a9c4409&type=display&version=1,"Interrupt the infusion until Grade <=1, then resume at a reduced infusion rate. [hypersensitivity/infusion-related reaction, Grade 2]","VYLOY (zolbetuximab) FDA label, DailyMed SPL version 1, published 2024-10-25, Section 2.4 Dosage Modifications for Adverse Reactions",fda_label,medium,confirming,1.3,inferred,Framework-level quote describing infusion-rate management for Grade 2 hypersensitivity/IRR; does not itself quantify how often the ceiling was breached in the pivotal SPOTLIGHT/GLOW trials (see companion atoms).,high,verbatim_confirmed,ai:sonnet-5,2026-07-08,unverified,reviewer_candidate,,
zolbetuximab_spotlight_glow:ther:1,zolbetuximab_spotlight_glow,therapeutic_window,Was the efficacious dose achievable below the toxicity ceiling?,nausea/vomiting and infusion-related reactions common but product-level exposure feasible.,neutral,"FDA label (Adverse Reactions, Dosage/Administration, Warnings); FDA medical review; ODAC briefing; EPAR; pivotal paper (DLTs, dose reductions, discontinuations); ClinicalTrials.gov results (SAEs)  [query: CLDN18.2 CLDN18.2-positive gastric/GEJ adenocarcinoma monoclonal_antibody]",https://dailymed.nlm.nih.gov/dailymed/fda/fdaDrugXsl.cfm?setid=e7695a21-abb6-47ac-93f8-0ece5a9c4409&type=display&version=1,Dosage interruptions of VYLOY due to an adverse reaction occurred in 75% of patients; permanent discontinuation of VYLOY due to an adverse reaction occurred in 20% of patients. [SPOTLIGHT trial data],"VYLOY (zolbetuximab) FDA label, DailyMed SPL version 1, published 2024-10-25, Section 6.1 SPOTLIGHT trial data",fda_label,high,refuting,0.55,observed,"A 75% interruption rate is very high, though only 20% led to permanent discontinuation, suggesting most toxicity was manageable via temporary infusion holds rather than a true efficacy-limiting ceiling; label reflects the intent-to-treat safety population combined with chemotherapy backbone toxicity, not zolbetuximab in isolation.",high,verbatim_confirmed,ai:sonnet-5,2026-07-08,unverified,reviewer_candidate,,
zolbetuximab_spotlight_glow:ther:2,zolbetuximab_spotlight_glow,therapeutic_window,Was the efficacious dose achievable below the toxicity ceiling?,Need label/pivotal safety extraction.,neutral,"FDA label (Adverse Reactions, Dosage/Administration, Warnings); FDA medical review; ODAC briefing; EPAR; pivotal paper (DLTs, dose reductions, discontinuations); ClinicalTrials.gov results (SAEs)  [query: CLDN18.2 CLDN18.2-positive gastric/GEJ adenocarcinoma monoclonal_antibody]",https://dailymed.nlm.nih.gov/dailymed/fda/fdaDrugXsl.cfm?setid=e7695a21-abb6-47ac-93f8-0ece5a9c4409&type=display&version=1,"No dose reduction for VYLOY is recommended. Nausea led to permanent discontinuation of VYLOY in 18 (3.4%) patients, with dose interruption in 147 (28%) patients.","VYLOY (zolbetuximab) FDA label, DailyMed SPL version 1, published 2024-10-25, Section 2.4 and Section 5.2 Severe Nausea and Vomiting",fda_label,high,refuting,0.6,observed,"The absence of a formal dose-reduction option (only interruption or discontinuation) means toxicity management relies on binary hold/stop decisions rather than graded dose de-escalation, a structurally narrower management toolset than the small-molecule programs in this batch; nausea/vomiting toxicity is also confounded with the mFOLFOX6/CAPOX chemotherapy backbone administered concurrently.",high,verbatim_confirmed,ai:sonnet-5,2026-07-08,unverified,reviewer_candidate,,
ensartinib_exalt3:ther:0,ensartinib_exalt3,therapeutic_window,Was the efficacious dose achievable below the toxicity ceiling?,PRE-DECISION CANDIDATE: eXALT3 randomized trial vs crizotinib;,neutral,"FDA label (Adverse Reactions, Dosage/Administration, Warnings); FDA medical review; ODAC briefing; EPAR; pivotal paper (DLTs, dose reductions, discontinuations); ClinicalTrials.gov results (SAEs)  [query: ALK ALK-positive NSCLC first line small_molecule]",https://pmc.ncbi.nlm.nih.gov/articles/PMC8414368/,"The frequency of treatment-related serious AEs (ensartinib, 11 patients [7.7%]... consisted mainly of rash (n = 3) and liver toxic effects (n = 3)","Horn L, Wang Z, Wu G, et al. Ensartinib vs Crizotinib for Patients With ALK-Positive NSCLC: A Randomized Clinical Trial (eXALT3). JAMA Oncol. 2021;7(11):1617-1625. PMCID PMC8414368, Results/Safety",pivotal_publication_phase3,high,confirming,1.5,observed,Low serious-AE rate (7.7%) at the 225mg QD recommended dose in a randomized first-line trial supports a held window; quote drawn directly from the pivotal publication.,high,verbatim_confirmed,ai:sonnet-5,2026-07-08,unverified,reviewer_candidate,,
ensartinib_exalt3:ther:1,ensartinib_exalt3,therapeutic_window,Was the efficacious dose achievable below the toxicity ceiling?,known ALK TKI safety but active dose feasible at the selected dose.,neutral,"FDA label (Adverse Reactions, Dosage/Administration, Warnings); FDA medical review; ODAC briefing; EPAR; pivotal paper (DLTs, dose reductions, discontinuations); ClinicalTrials.gov results (SAEs)  [query: ALK ALK-positive NSCLC first line small_molecule]",https://pmc.ncbi.nlm.nih.gov/articles/PMC8414368/,"treatment-related AEs associated with dose reduction (ensartinib, 34 of 143 [23.8%]) and dose discontinuation (ensartinib, 13 of 143 [9.1%]) were similar [to crizotinib]","Horn L, et al. eXALT3, JAMA Oncol 2021;7(11):1617-1625, PMCID PMC8414368, Safety section",pivotal_publication_phase3,high,confirming,1.4,observed,"Dose-reduction (23.8%) and discontinuation (9.1%) rates are comparable to the active comparator crizotinib, an established ALK inhibitor with a workable dose range, supporting a held window; most underlying AEs (rash, transaminitis) were low grade per the same paper.",high,verbatim_confirmed,ai:sonnet-5,2026-07-08,unverified,reviewer_candidate,,
ensartinib_exalt3:ther:2,ensartinib_exalt3,therapeutic_window,Was the efficacious dose achievable below the toxicity ceiling?,Need label safety/dose modification extraction.,neutral,"FDA label (Adverse Reactions, Dosage/Administration, Warnings); FDA medical review; ODAC briefing; EPAR; pivotal paper (DLTs, dose reductions, discontinuations); ClinicalTrials.gov results (SAEs)  [query: ALK ALK-positive NSCLC first line small_molecule]",https://pmc.ncbi.nlm.nih.gov/articles/PMC8414368/,"rash (67.8%), increased aspartate aminotransferase (37.8%), increased alanine aminotransferase (48.3%)... grade 3 rash was observed in 11.2% of patients and was managed with dose modification","Horn L, et al. eXALT3, JAMA Oncol 2021;7(11):1617-1625, PMCID PMC8414368, AE table narrative",pivotal_publication_phase3,high,confirming,1.3,observed,"High any-grade rash/transaminitis incidence but grade 3 rash only 11.2% and manageable via dose modification rather than discontinuation; label-level dose-modification extraction (accessdata.fda.gov) was not obtainable (domain-blocked), so this rests on the pivotal-trial text alone.",high,verbatim_confirmed,ai:sonnet-5,2026-07-08,unverified,reviewer_candidate,,
lorlatinib_alk_nsclc:ther:0,lorlatinib_alk_nsclc,therapeutic_window,Was the efficacious dose achievable below the toxicity ceiling?,PRE-DECISION CANDIDATE: CNS-penetrant ALK inhibitor with neurocognitive/lipid adverse effects but active dose feasible with monitoring;,neutral,"FDA label (Adverse Reactions, Dosage/Administration, Warnings); FDA medical review; ODAC briefing; EPAR; pivotal paper (DLTs, dose reductions, discontinuations); ClinicalTrials.gov results (SAEs)  [query: ALK/ROS1 ALK-positive NSCLC small_molecule]",https://dailymed.nlm.nih.gov/dailymed/fda/fdaDrugXsl.cfm?setid=2b34d62d-e02a-4af3-bc0d-1571dd4ee76d&type=display&version=1,"Withhold dose until Grade 0 or 1. Resume LORBRENA at a reduced dose. [CNS effects, Grade 2/3]","LORBRENA (lorlatinib) FDA label, DailyMed SPL version 1, published 2018-11-19, Section 2.2 Dosage Modifications for Adverse Reactions",fda_label,medium,confirming,1.3,inferred,Framework-level dose-modification quote showing a graded (not binary) management path for CNS effects; does not by itself quantify how often CNS toxicity actually required this step in the pivotal population (see companion atom).,medium,verbatim_confirmed,ai:sonnet-5,2026-07-08,unverified,reviewer_candidate,,
lorlatinib_alk_nsclc:ther:1,lorlatinib_alk_nsclc,therapeutic_window,Was the efficacious dose achievable below the toxicity ceiling?,active in ALK-positive NSCLC.,neutral,"FDA label (Adverse Reactions, Dosage/Administration, Warnings); FDA medical review; ODAC briefing; EPAR; pivotal paper (DLTs, dose reductions, discontinuations); ClinicalTrials.gov results (SAEs)  [query: ALK/ROS1 ALK-positive NSCLC small_molecule]",https://dailymed.nlm.nih.gov/dailymed/fda/fdaDrugXsl.cfm?setid=2b34d62d-e02a-4af3-bc0d-1571dd4ee76d&type=display&version=1,"Approximately 48% of patients required dose interruption [edema (7%), hypertriglyceridemia (6%), peripheral neuropathy (5%), cognitive effects (4.4%)]; approximately 24% of patients required at least 1 dose reduction for adverse reactions.","LORBRENA (lorlatinib) FDA label, DailyMed SPL version 1, published 2018-11-19, Section 6.1 Clinical Trials Experience",fda_label,high,refuting,0.6,observed,"Reflects the full pivotal phase 1/2 safety population across the dose levels tested during dose-finding, not solely the 100 mg once-daily dose that was ultimately approved; label wording paraphrased from a fetch-tool summary rather than independently re-read verbatim.",medium,needs_primary_pdf_confirmation,ai:sonnet-5,2026-07-08,unverified,reviewer_candidate,,
lorlatinib_alk_nsclc:ther:2,lorlatinib_alk_nsclc,therapeutic_window,Was the efficacious dose achievable below the toxicity ceiling?,Need FDA label extraction.,neutral,"FDA label (Adverse Reactions, Dosage/Administration, Warnings); FDA medical review; ODAC briefing; EPAR; pivotal paper (DLTs, dose reductions, discontinuations); ClinicalTrials.gov results (SAEs)  [query: ALK/ROS1 ALK-positive NSCLC small_molecule]",https://dailymed.nlm.nih.gov/dailymed/fda/fdaDrugXsl.cfm?setid=2b34d62d-e02a-4af3-bc0d-1571dd4ee76d&type=display&version=1,Permanent discontinuation of LORBRENA for adverse reactions occurred in 8% of patients; cognitive effects (0.7%) and mood effects (0.7%) were among the reasons for discontinuation.,"LORBRENA (lorlatinib) FDA label, DailyMed SPL version 1, published 2018-11-19, Section 6.1 Clinical Trials Experience",fda_label,high,confirming,1.4,observed,"An 8% permanent-discontinuation rate is reassuring but coexists with a 48% dose-interruption rate (companion atom), so the 'window achievable' read here depends on how heavily monitoring/dose adjustment (rather than dose per se) was relied on to keep patients on drug.",high,verbatim_confirmed,ai:sonnet-5,2026-07-08,unverified,reviewer_candidate,,
selpercatinib_ret:ther:0,selpercatinib_ret,therapeutic_window,Was the efficacious dose achievable below the toxicity ceiling?,PRE-DECISION CANDIDATE: Selective RET inhibitor showed high response rates with manageable hypertension/LFT/QT risks;,neutral,"FDA label (Adverse Reactions, Dosage/Administration, Warnings); FDA medical review; ODAC briefing; EPAR; pivotal paper (DLTs, dose reductions, discontinuations); ClinicalTrials.gov results (SAEs)  [query: RET kinase RET fusion NSCLC / RET-mutant thyroid cancer small_molecule]",https://dailymed.nlm.nih.gov/dailymed/fda/fdaDrugXsl.cfm?setid=7fa848ba-a59c-4144-9f52-64d090f4d828&type=display&version=2,"Hypertension occurred in 35% of patients, including Grade 3 hypertension in 17% ... increased AST occurred in 51% of patients ... increased ALT occurred in 45% of patients","RETEVMO (selpercatinib) label, DailyMed SPL version 2, published 2020-05-21 (Adverse Reactions section, LIBRETTO-001 registrational data)",fda_label,high,refuting,0.6,observed,"Label version 2 was published 13 days after the 5/8/2020 accelerated approval decision, essentially the initial approval-basis label; high rates of hypertension and transaminase elevation indicate meaningful dose-limiting toxicity at the approved 160 mg BID dose.",high,verbatim_confirmed,ai:sonnet-5,2026-07-08,unverified,reviewer_candidate,,
selpercatinib_ret:ther:1,selpercatinib_ret,therapeutic_window,Was the efficacious dose achievable below the toxicity ceiling?,active dose feasible at the selected dose.,neutral,"FDA label (Adverse Reactions, Dosage/Administration, Warnings); FDA medical review; ODAC briefing; EPAR; pivotal paper (DLTs, dose reductions, discontinuations); ClinicalTrials.gov results (SAEs)  [query: RET kinase RET fusion NSCLC / RET-mutant thyroid cancer small_molecule]",https://dailymed.nlm.nih.gov/dailymed/fda/fdaDrugXsl.cfm?setid=7fa848ba-a59c-4144-9f52-64d090f4d828&type=display&version=2,Permanent discontinuation due to an adverse reaction occurred in 5% of patients who received RETEVMO,"RETEVMO label, DailyMed SPL version 2, published 2020-05-21",fda_label,high,confirming,1.4,observed,Only 5% permanent discontinuation despite substantial AE incidence suggests dose modification (rather than stopping) was usually sufficient to keep patients on active exposure; this is a favorable data point but co-exists with a high (31%) dose-reduction rate reported separately.,high,verbatim_confirmed,ai:sonnet-5,2026-07-08,unverified,reviewer_candidate,,
selpercatinib_ret:ther:2,selpercatinib_ret,therapeutic_window,Was the efficacious dose achievable below the toxicity ceiling?,Need label extraction.,neutral,"FDA label (Adverse Reactions, Dosage/Administration, Warnings); FDA medical review; ODAC briefing; EPAR; pivotal paper (DLTs, dose reductions, discontinuations); ClinicalTrials.gov results (SAEs)  [query: RET kinase RET fusion NSCLC / RET-mutant thyroid cancer small_molecule]",https://dailymed.nlm.nih.gov/dailymed/fda/fdaDrugXsl.cfm?setid=7fa848ba-a59c-4144-9f52-64d090f4d828&type=display&version=2,Dose reductions due to adverse reaction occurred in 31% of patients who received RETEVMO,"RETEVMO label, DailyMed SPL version 2, published 2020-05-21",fda_label,high,refuting,0.65,observed,"Roughly one in three patients required dose reduction to manage toxicity (hypertension, transaminase elevation, QT prolongation), indicating the initial 160 mg BID dose sat close to the tolerability ceiling for a meaningful minority of patients.",high,verbatim_confirmed,ai:sonnet-5,2026-07-08,unverified,reviewer_candidate,,
tucatinib_her2climb:ther:0,tucatinib_her2climb,therapeutic_window,Was the efficacious dose achievable below the toxicity ceiling?,PRE-DECISION CANDIDATE: HER2CLIMB supported efficacy including CNS disease;,neutral,"FDA label (Adverse Reactions, Dosage/Administration, Warnings); FDA medical review; ODAC briefing; EPAR; pivotal paper (DLTs, dose reductions, discontinuations); ClinicalTrials.gov results (SAEs)  [query: HER2 kinase HER2-positive metastatic breast cancer small_molecule]",https://dailymed.nlm.nih.gov/dailymed/fda/fdaDrugXsl.cfm?setid=f27eb1b9-b7fc-424e-988f-84dd7bb195a3&type=display&version=1,"81% of patients who received TUKYSA experienced diarrhea, including 12% Grade 3 diarrhea and 0.5% Grade 4 diarrhea","TUKYSA (tucatinib) label, DailyMed SPL version 1, published 2020-05-04 (Adverse Reactions section, HER2CLIMB data)",fda_label,high,confirming,1.6,observed,"Version 1 is the original label published within days of the 4/17/2020 accelerated approval, so this is the closest possible point-in-time snapshot; high all-grade diarrhea incidence is mitigated by low grade 3/4 rate and low (1%) discontinuation specifically for diarrhea.",high,verbatim_confirmed,ai:sonnet-5,2026-07-08,unverified,reviewer_candidate,,
tucatinib_her2climb:ther:1,tucatinib_her2climb,therapeutic_window,Was the efficacious dose achievable below the toxicity ceiling?,diarrhea/hepatotoxicity risks manageable in combination regimen.,refuting,"FDA label (Adverse Reactions, Dosage/Administration, Warnings); FDA medical review; ODAC briefing; EPAR; pivotal paper (DLTs, dose reductions, discontinuations); ClinicalTrials.gov results (SAEs)  [query: HER2 kinase HER2-positive metastatic breast cancer small_molecule]",https://dailymed.nlm.nih.gov/dailymed/fda/fdaDrugXsl.cfm?setid=f27eb1b9-b7fc-424e-988f-84dd7bb195a3&type=display&version=1,"8% of patients who received TUKYSA had an ALT increase >5x ULN, 6% an AST increase >5x ULN, and 1.5% a bilirubin increase >3x ULN (Grade >=3); hepatotoxicity led to TUKYSA dose reductions in 8% of patients","TUKYSA label, DailyMed SPL version 1, published 2020-05-04",fda_label,high,confirming,1.5,observed,"Hepatotoxicity-driven discontinuation was low (1.5%), and dose reduction (8%) was manageable within the label's built-in three-step dose de-escalation schedule, supporting a workable therapeutic window in the tucatinib/trastuzumab/capecitabine combination regimen.",high,verbatim_confirmed,ai:sonnet-5,2026-07-08,unverified,reviewer_candidate,,
tucatinib_her2climb:ther:2,tucatinib_her2climb,therapeutic_window,Was the efficacious dose achievable below the toxicity ceiling?,Need label extraction.,neutral,"FDA label (Adverse Reactions, Dosage/Administration, Warnings); FDA medical review; ODAC briefing; EPAR; pivotal paper (DLTs, dose reductions, discontinuations); ClinicalTrials.gov results (SAEs)  [query: HER2 kinase HER2-positive metastatic breast cancer small_molecule]",https://dailymed.nlm.nih.gov/dailymed/fda/fdaDrugXsl.cfm?setid=f27eb1b9-b7fc-424e-988f-84dd7bb195a3&type=display&version=1,Adverse reactions leading to dose reduction occurred in 21% of patients ... Adverse reactions leading to treatment discontinuation occurred in 6% of patients,"TUKYSA label, DailyMed SPL version 1, published 2020-05-04, Section 6.1 overall summary",fda_label,high,confirming,1.4,observed,"Aggregate 21% dose-reduction and 6% discontinuation rates across all adverse reactions (not just diarrhea/hepatotoxicity) are consistent with a tolerable, sustainable dosing regimen at the approved dose in the HER2CLIMB combination population.",high,verbatim_confirmed,ai:sonnet-5,2026-07-08,unverified,reviewer_candidate,,
